"Date","Autos","Autres","Bus","Camions","Camions.articules","Camions.legers","Camions.Lourds","Camions.porteurs","Ecoliers","Illegaux","Motos","Non.Utilise","Pietons","Tous","Velos","Cluster_1","Cluster_2","Cluster_3","Cluster_4","Cluster_5","Cluster_6","Cluster_7","Cluster_8","Cluster_9","Cluster_10"
"2011-01-19",12161,0,259,138,0,0,0,0,0,0,0,0,582,0,21,1,0,0,0,0,0,1,0,0,0
"2011-02-17",7752,0,0,0,0,431,29,0,0,0,0,0,4,0,2,0,0,0,0,0,0,0,1,0,0
"2011-02-22",12612,0,0,0,0,261,2,0,0,0,0,0,2068,0,127,0,1,0,0,0,0,0,0,0,0
"2011-02-23",21279,0,0,0,0,526,9,0,0,0,0,0,2758,0,152,0,0,0,0,0,1,0,0,0,0
"2011-02-24",31544,0,0,0,0,1133,11,0,0,0,0,0,5663,0,315,0,0,0,0,2,0,0,0,0,1
"2011-03-15",2688,0,0,0,0,122,7,0,0,0,0,0,2053,0,171,0,0,0,1,0,0,0,0,1,0
"2011-03-16",1379,0,0,0,0,54,7,0,0,0,0,0,955,0,39,0,1,0,0,0,0,0,0,0,0
"2011-03-30",17657,0,0,269,0,0,0,0,0,94,0,0,631,0,158,0,1,0,0,0,0,0,0,0,0
"2011-04-09",27416,0,0,0,0,511,4,0,0,0,0,0,793,0,92,1,1,0,0,0,0,0,0,0,0
"2011-04-14",11910,0,0,501,0,0,0,0,0,9,0,0,1915,0,198,0,0,0,0,1,0,0,0,0,0
"2011-05-05",1669,0,0,0,0,19,1,0,0,0,0,0,809,0,185,1,0,0,0,0,0,0,0,0,0
"2011-05-31",2973,0,0,0,0,103,0,0,0,154,0,0,4211,0,942,1,0,0,0,0,0,0,0,0,0
"2011-06-01",7246,0,0,257,0,0,0,0,0,103,0,0,450,0,298,0,0,1,0,0,0,0,0,0,0
"2011-06-07",83678,0,1115,8387,0,0,0,0,0,411,0,0,6314,0,2443,0,0,0,0,0,0,1,2,2,0
"2011-06-08",59765,0,731,6984,0,166,0,0,0,133,0,0,9200,0,5179,0,0,0,2,1,0,1,0,0,1
"2011-06-09",49043,0,574,4751,0,0,0,0,0,0,0,0,103,0,101,1,0,0,0,0,0,0,1,0,1
"2011-07-12",25387,0,0,2137,0,0,0,0,0,2,0,0,1157,0,149,0,1,0,0,0,1,0,0,0,0
"2011-07-13",20625,186,0,1012,0,0,0,0,0,0,0,0,85,0,100,1,0,0,0,0,0,0,1,0,0
"2011-09-15",31065,0,0,752,0,446,74,0,0,21,0,0,18485,0,1258,0,0,1,1,0,1,1,1,0,0
"2011-09-16",9610,0,0,0,0,357,6,0,0,0,0,0,1329,0,136,0,0,0,0,0,1,0,0,0,0
"2011-09-17",23108,0,0,344,0,0,0,0,0,2,0,0,942,0,89,0,0,0,2,0,1,0,0,1,0
"2011-10-11",30345,0,0,905,0,0,0,0,0,71,0,0,4143,0,4143,0,1,0,0,0,0,1,0,0,0
"2011-10-18",8979,0,0,413,0,0,0,0,0,1,0,0,3771,0,352,0,0,0,0,0,0,0,1,0,0
"2011-10-27",74354,0,0,6262,0,0,0,0,0,15,0,0,1615,0,532,2,1,0,0,1,1,1,0,0,1
"2011-11-03",21882,0,0,609,0,0,0,0,0,39,0,0,132,0,4,0,0,0,0,0,0,0,1,1,0
"2011-11-12",42671,0,0,146,0,342,1,0,0,0,0,11,2033,0,100,0,0,1,0,1,0,0,0,1,0
"2011-11-15",9575,0,0,415,0,0,0,0,0,0,0,0,1497,0,194,0,0,0,0,0,0,0,0,0,1
"2011-11-16",35115,0,0,0,0,894,74,0,0,0,0,0,1399,0,314,1,0,0,1,0,0,0,0,0,0
"2011-11-30",18145,0,0,657,0,0,0,0,0,11,0,0,11978,0,1529,0,0,0,1,0,0,1,0,1,0
"2011-12-03",17940,0,0,0,0,233,1,0,0,0,0,0,3124,0,5,0,0,0,0,0,1,0,0,0,0
"2012-01-19",8678,4,0,465,0,0,0,0,0,0,0,0,156,0,4,1,0,0,0,0,0,0,0,0,0
"2012-01-24",11532,470,0,175,0,0,0,0,0,0,0,2,1769,0,72,0,0,0,0,0,0,0,0,1,0
"2012-01-26",19972,4,0,1110,0,144,3,0,0,0,0,0,1553,0,82,0,0,1,0,0,1,0,0,0,0
"2012-01-31",9309,0,0,534,0,0,0,0,0,0,0,0,647,0,19,0,1,0,0,0,0,0,0,0,0
"2012-02-02",5867,0,0,455,0,0,0,0,0,0,0,0,40,0,0,1,0,0,0,0,0,0,0,0,0
"2012-02-07",9334,0,0,365,0,0,0,0,0,0,0,1,1203,0,35,0,0,0,0,0,0,0,1,0,0
"2012-02-08",24305,2,0,127,0,468,22,0,0,0,0,0,2653,0,207,1,1,0,0,0,0,0,1,1,0
"2012-02-09",8547,0,0,794,0,0,0,0,0,0,0,0,51,0,24,0,1,0,0,0,0,0,0,0,0
"2012-02-15",24902,1,0,143,0,287,7,0,0,0,0,0,10544,0,522,0,0,0,0,1,0,1,0,0,3
"2012-02-16",6763,3,0,138,0,0,0,0,0,0,0,0,220,0,2,0,1,0,0,0,0,0,0,0,0
"2012-02-21",14307,0,0,0,0,571,17,0,184,0,0,0,2125,0,74,0,0,1,0,0,1,0,0,0,0
"2012-02-22",14187,0,0,0,0,669,10,0,381,0,0,0,2227,0,86,0,0,1,0,0,0,0,1,0,0
"2012-02-23",9054,0,0,0,0,222,11,0,7,0,0,0,265,0,24,0,0,0,0,0,0,0,0,1,0
"2012-02-28",21239,0,0,0,0,674,46,0,93,0,0,12,985,0,114,0,1,0,1,0,1,0,0,0,0
"2012-02-29",6722,0,0,0,0,175,2,0,72,0,0,0,696,0,36,0,0,0,0,0,0,0,1,1,0
"2012-03-13",12956,0,0,308,0,192,2,0,1240,0,0,0,4002,0,80,0,0,0,0,1,0,0,0,2,1
"2012-03-14",50035,1,0,713,0,40,1,0,863,0,0,0,855,0,44,0,0,0,1,0,1,0,1,0,0
"2012-03-15",6770,0,0,0,0,366,12,0,710,0,0,0,702,0,49,0,0,0,0,0,0,0,0,0,1
"2012-04-11",12395,0,0,0,0,784,105,0,0,0,0,4,9,0,19,0,0,0,1,0,0,0,0,0,0
"2012-04-12",36349,0,0,0,0,2099,373,0,0,0,0,2,1788,0,120,1,0,0,0,1,1,0,0,0,0
"2012-04-19",14552,0,0,0,0,561,225,0,0,0,0,0,17,0,8,0,1,0,0,0,0,0,0,0,0
"2012-05-03",21087,0,549,846,0,0,0,0,0,0,0,0,2966,0,68,0,0,1,0,0,0,0,0,0,0
"2012-05-09",4415,0,0,0,0,403,7,0,102,0,0,0,1184,0,0,0,0,0,0,0,0,0,0,1,0
"2012-05-15",109760,0,1256,2991,0,0,0,0,0,0,0,2,683,0,221,1,0,1,0,0,0,1,1,1,0
"2012-05-23",46928,0,964,930,0,0,0,0,2,0,0,4,17047,0,6600,2,2,1,0,0,0,0,0,0,0
"2012-05-24",37386,0,1160,638,0,0,0,0,0,0,0,7,11089,0,2843,0,1,1,0,0,0,1,0,0,0
"2012-05-29",30736,0,316,992,0,0,0,0,0,0,0,0,7656,0,3118,0,0,0,0,1,0,1,0,0,0
"2012-05-30",44908,0,1298,1229,0,0,0,0,5,0,0,0,6975,0,1454,0,2,1,0,0,0,0,1,0,0
"2012-05-31",36224,0,738,1190,0,0,0,0,24,0,0,2,4023,0,270,1,0,1,0,0,0,0,0,0,0
"2012-06-05",100587,0,1875,3236,0,0,0,0,1,0,0,0,3213,0,467,0,0,0,0,0,1,2,0,1,2
"2012-06-06",64240,0,453,1272,0,0,0,0,0,0,0,8,13123,0,3493,0,0,1,1,0,0,1,0,0,2
"2012-06-07",157819,0,2117,4412,0,0,0,0,8,0,0,2,18666,0,3839,0,0,1,3,0,0,2,1,1,3
"2012-06-08",27353,0,393,3702,0,0,0,0,0,0,0,0,47,0,64,0,1,0,0,0,0,0,0,0,0
"2012-06-12",23485,0,312,637,0,0,0,0,0,66,0,3,5616,0,1424,0,1,0,1,0,0,0,0,0,0
"2012-06-13",27444,76,0,476,0,0,0,0,0,0,0,1341,3152,0,0,0,0,0,0,1,0,0,0,0,0
"2012-07-05",70579,2,267,2461,0,0,0,0,0,0,0,1057,34160,0,6722,2,0,2,1,0,0,1,1,0,0
"2012-09-06",15532,0,532,643,0,0,0,0,0,0,0,0,760,0,116,0,0,0,1,0,0,1,0,0,0
"2012-09-11",39390,0,104,1629,0,0,0,0,0,0,0,0,6714,0,578,0,0,0,1,0,0,0,0,1,1
"2012-09-13",7467,0,245,218,0,0,0,0,0,0,0,0,131,0,36,0,0,0,0,0,1,0,0,0,0
"2012-09-18",54747,0,719,1693,0,0,0,0,0,0,0,0,6985,0,1477,0,0,0,0,2,0,2,0,1,0
"2012-09-19",51557,0,559,1944,0,0,319,0,0,0,0,4,9335,0,720,0,1,0,0,0,0,0,1,0,2
"2012-09-20",20238,0,0,464,0,0,0,0,0,504,0,0,316,0,15,0,0,0,0,0,2,0,0,0,0
"2012-09-25",14193,0,308,281,0,0,0,0,0,0,0,0,138,0,64,0,0,0,0,0,0,1,0,0,0
"2012-09-27",23010,0,611,599,0,0,0,0,0,0,0,2,507,0,108,0,0,0,0,1,0,0,0,1,1
"2012-10-18",21057,0,428,909,0,0,0,0,0,0,0,0,2360,0,154,0,0,0,0,0,0,1,0,0,0
"2012-10-24",39164,0,846,1620,0,0,0,0,0,0,0,0,3623,0,226,0,0,0,0,2,0,0,0,0,0
"2012-10-26",116240,0,1626,5042,0,0,0,0,0,366,0,2,6602,0,376,0,0,1,1,1,0,0,0,1,1
"2012-11-13",15455,0,464,828,0,0,0,0,12,0,0,0,4339,0,234,0,0,0,0,1,0,0,1,0,0
"2012-11-20",3833,0,23,96,0,0,0,0,0,0,0,0,1720,0,31,0,0,0,0,0,0,0,0,0,1
"2012-12-04",84183,0,837,2473,0,0,0,0,149,0,0,0,3481,0,129,1,1,1,1,0,0,0,0,0,0
"2012-12-05",104713,0,1076,2592,0,0,0,0,54,0,0,0,2752,0,422,1,0,0,2,0,0,0,0,0,2
"2012-12-06",118008,0,1415,3865,0,0,0,0,75,0,0,161,6127,0,779,1,0,1,0,1,0,0,1,3,0
"2012-12-12",7403,0,46,272,0,0,0,0,0,0,0,0,269,0,23,0,0,1,0,0,0,0,0,0,0
"2012-12-13",46432,0,580,1824,0,0,0,0,7,0,0,0,6813,0,984,0,0,0,1,1,1,0,0,0,1
"2012-12-26",4904,0,0,144,0,0,0,0,0,0,0,3,754,0,63,0,0,0,0,0,0,1,0,0,0
"2013-01-22",4806,0,90,282,0,0,0,0,0,0,0,0,14,0,0,0,0,0,1,0,0,0,1,0,0
"2013-02-05",42248,0,683,1038,0,0,0,0,7,0,0,0,8515,0,225,0,0,0,0,1,0,0,0,0,1
"2013-02-14",5508,0,120,129,0,0,0,0,0,0,0,0,9269,0,86,0,0,1,0,0,0,0,0,0,0
"2013-02-18",17545,0,239,612,0,0,0,0,0,0,0,1,2526,0,28,0,0,1,0,0,0,0,0,1,0
"2013-02-25",18062,0,0,0,0,330,310,0,0,0,0,0,198,0,0,0,0,0,1,0,0,0,0,0,0
"2013-02-26",80861,0,4117,2806,0,0,0,0,0,0,0,17,6220,0,46,1,1,0,0,1,0,2,0,0,0
"2013-03-12",32847,0,130,880,0,0,0,0,0,0,0,1,3408,0,23,2,1,1,1,1,0,1,0,1,0
"2013-03-13",5028,0,0,404,0,0,0,0,0,0,0,0,5424,0,10,1,0,0,0,0,0,0,0,0,0
"2013-03-26",7882,0,0,531,0,0,0,0,0,75,0,0,266,0,20,0,0,0,0,1,0,0,0,0,0
"2013-03-27",22797,0,0,1489,0,0,0,0,0,317,0,0,994,0,12,0,1,0,0,0,0,0,1,0,0
"2013-04-02",32293,0,0,1502,0,0,0,0,0,2,0,26,9422,0,140,0,1,0,1,0,0,0,0,2,1
"2013-04-03",22516,0,0,1240,0,0,0,0,0,0,0,18,4366,0,169,1,0,0,0,2,0,0,1,0,1
"2013-04-04",52885,0,514,3162,0,0,126,0,0,0,0,0,4321,0,458,1,1,1,0,1,1,0,1,0,0
"2013-04-09",81981,0,1083,1773,0,0,0,0,0,0,0,1,1330,0,154,0,2,2,1,0,1,2,2,2,0
"2013-04-10",6093,0,0,186,0,0,0,0,0,0,0,3,219,0,63,0,0,1,0,0,0,0,0,0,0
"2013-04-16",15891,0,0,613,0,0,69,0,0,0,0,10,0,0,0,1,0,0,0,0,0,0,0,0,0
"2013-04-17",11735,0,110,372,0,0,0,0,0,0,0,0,1379,0,73,0,0,0,1,0,1,0,0,0,0
"2013-04-18",14439,0,235,418,0,0,54,0,0,0,0,0,2113,0,0,0,0,0,0,0,0,0,0,1,0
"2013-04-23",89686,0,1246,2150,0,0,0,0,0,0,0,5,5063,0,614,0,0,1,0,3,2,0,0,0,0
"2013-04-24",54574,0,640,1276,0,0,0,0,0,0,0,5,2373,0,374,0,0,1,0,0,0,2,0,0,0
"2013-05-01",5456,0,160,146,0,0,0,0,0,0,0,0,3232,0,4122,0,0,0,0,0,0,0,0,1,0
"2013-05-14",22006,0,179,663,0,0,0,0,0,0,0,1,360,0,143,0,1,0,0,0,0,0,0,0,0
"2013-05-23",46927,0,627,1599,0,0,0,0,0,0,0,0,3780,0,529,1,0,0,0,0,0,0,0,1,1
"2013-05-30",49153,0,388,1259,0,0,0,0,0,0,0,2,3755,0,788,1,0,0,1,0,1,0,0,0,1
"2013-06-06",24645,0,0,609,0,0,0,0,0,0,0,0,2933,0,246,0,0,1,0,0,0,0,0,0,0
"2013-06-20",12728,0,69,309,0,0,0,0,0,70,0,0,209,0,169,0,1,0,2,0,0,0,0,0,0
"2013-09-11",10998,0,465,305,0,0,0,0,0,0,0,0,4312,0,307,0,0,0,0,0,0,0,1,0,0
"2013-09-12",45249,0,1778,1356,0,0,0,0,0,0,0,0,5862,0,218,0,1,0,1,1,0,1,0,1,0
"2013-09-17",100548,0,1114,4487,0,0,0,0,0,0,0,3,4003,0,212,0,1,0,1,0,0,1,1,1,0
"2013-09-18",51680,0,560,3736,0,0,0,0,0,0,0,0,291,0,136,0,0,0,0,0,1,2,0,0,0
"2013-09-19",38328,0,223,1593,0,0,0,0,0,0,0,0,1783,0,117,1,0,0,1,1,0,0,1,0,0
"2013-09-26",19744,0,394,580,0,0,0,0,0,0,0,4,1253,0,67,0,0,0,0,0,0,0,0,0,1
"2013-10-01",26507,0,381,383,0,0,1,0,0,0,0,2,56,0,0,0,1,1,0,0,0,0,0,0,0
"2013-10-02",32852,0,446,681,0,0,1,0,0,0,0,0,6247,0,1084,0,0,0,0,0,0,1,0,0,1
"2013-10-03",64290,0,678,1211,0,0,0,0,0,0,0,0,2165,0,275,0,1,0,2,0,0,0,1,0,0
"2013-10-04",9792,0,95,324,0,0,0,0,0,0,0,104,24478,0,535,0,1,0,0,0,2,0,0,0,0
"2013-10-08",32998,51,454,571,0,0,53,0,0,0,0,0,455,0,639,0,0,0,0,0,0,1,1,1,0
"2013-10-09",31753,0,516,704,0,0,9,0,0,0,0,0,2101,0,90,0,1,0,0,0,2,1,0,0,0
"2013-10-10",35637,12,370,691,0,0,78,0,0,0,0,0,1379,0,114,0,0,0,1,0,0,1,0,0,0
"2013-10-16",5895,2,125,77,0,0,9,0,0,0,0,0,91,0,0,0,0,0,0,0,0,0,0,1,0
"2013-10-22",49881,0,941,2804,0,0,39,0,0,0,0,0,483,0,36,1,0,0,0,0,0,1,1,0,0
"2013-10-23",33419,1,372,2417,0,0,56,0,0,0,0,9,1177,0,74,0,0,0,0,1,0,1,0,1,1
"2013-10-24",73862,0,1281,2434,0,0,75,0,0,0,0,0,10201,0,433,1,1,1,0,0,0,1,0,1,0
"2013-10-25",12083,0,111,261,0,0,0,0,0,0,0,0,5763,0,2542,1,0,0,1,0,0,0,0,0,0
"2013-10-29",49359,0,1032,1054,0,0,0,0,0,1,0,0,9128,0,376,0,1,2,0,0,0,0,0,0,0
"2013-10-30",92525,0,1676,2144,0,0,182,0,0,0,0,2,30122,0,439,0,1,0,1,1,0,0,0,0,3
"2013-11-05",123698,0,1019,2893,0,0,105,0,0,0,0,2,5577,0,1468,2,1,1,0,1,0,2,0,0,0
"2013-11-06",60665,4,1192,952,0,0,117,0,0,0,0,0,3718,0,572,1,0,0,1,2,1,1,0,0,1
"2013-11-07",94720,37,1059,2426,0,27,38,0,0,756,0,0,13772,0,1434,0,2,0,2,0,2,0,0,1,0
"2013-11-11",13232,0,70,166,0,0,0,0,0,0,0,1,568,0,166,0,0,1,0,0,0,0,0,0,0
"2013-11-12",69308,0,1269,1495,0,0,13,0,19,0,0,0,7493,0,532,0,0,2,0,1,0,0,0,2,0
"2013-11-13",67653,0,1229,1560,0,0,217,0,0,0,0,0,23529,0,438,0,1,0,2,0,0,0,0,1,1
"2013-11-14",47564,0,1199,1001,0,0,15,0,0,0,0,0,15090,0,241,0,0,0,0,0,1,0,3,0,0
"2013-11-15",17928,0,222,425,0,0,0,0,0,0,0,0,119,0,22,0,0,0,0,0,1,0,0,0,0
"2013-11-19",54960,0,1350,1283,0,0,0,0,0,0,0,9,36502,0,353,0,0,0,1,0,1,0,1,0,2
"2013-11-20",104275,0,2324,7055,0,0,26,0,0,0,0,60,2470,0,123,0,0,2,0,0,1,2,0,1,0
"2013-11-21",93232,0,1230,7516,0,0,122,0,0,0,0,398,172,0,33,0,2,3,1,0,1,0,0,0,0
"2013-11-26",33706,0,542,2177,0,0,0,0,0,0,0,66,2181,0,291,0,1,0,0,1,0,1,0,0,0
"2013-12-03",64390,0,2373,2584,0,0,0,0,0,0,0,26,1353,0,19,0,0,0,1,0,0,0,1,0,1
"2013-12-11",22678,0,0,1521,0,0,0,0,0,3,0,0,17398,0,1848,1,1,0,0,0,0,0,1,1,0
"2013-12-12",15941,0,0,548,0,0,0,0,0,229,0,0,3186,0,550,0,0,1,0,1,0,0,0,1,0
"2014-01-09",12395,0,0,0,0,144,65,0,0,0,0,47,1128,0,0,0,0,1,0,0,0,1,0,0,1
"2014-01-15",16058,0,0,0,0,144,65,0,0,0,0,107,1128,0,0,1,0,1,0,2,0,0,0,0,0
"2014-01-16",4974,0,0,0,0,0,0,0,0,0,0,20,0,0,0,0,0,1,0,1,0,0,0,0,0
"2014-01-20",15242,0,0,0,0,0,0,0,0,0,0,0,0,0,0,0,1,0,0,0,0,0,0,0,0
"2014-01-21",15027,0,0,0,0,0,0,0,0,0,0,0,0,0,0,1,0,0,0,0,1,0,0,0,0
"2014-01-22",16601,0,0,0,0,0,0,0,0,0,0,0,0,0,0,0,1,0,0,0,0,0,0,0,0
"2014-01-27",12984,0,0,0,0,0,0,0,0,0,0,0,0,0,0,0,0,0,0,0,0,0,1,0,0
"2014-01-28",27633,0,493,1269,0,0,0,0,0,0,0,26,507,0,5,1,0,0,0,1,0,0,1,0,0
"2014-01-29",53895,0,0,869,0,0,0,0,0,0,0,0,553,0,0,0,0,0,0,1,0,2,0,0,0
"2014-01-30",27021,0,0,0,0,0,0,0,0,0,0,0,822,0,0,0,1,0,0,0,1,0,0,0,0
"2014-02-04",77075,0,1176,2738,0,0,0,0,0,0,0,65,9777,0,36,1,2,1,0,1,1,0,1,1,0
"2014-02-05",16363,0,0,0,0,0,0,0,0,0,0,0,2127,0,0,0,0,0,0,1,0,0,0,0,1
"2014-02-11",6513,0,0,0,0,0,0,0,0,0,0,0,1644,0,0,2,0,1,0,0,0,0,0,0,0
"2014-02-12",18416,0,0,181,0,0,0,0,0,0,0,0,2922,0,0,0,1,0,0,0,1,0,0,0,0
"2014-02-18",30209,0,0,123,0,0,0,0,0,0,0,0,3404,0,0,0,0,0,2,0,0,0,0,0,0
"2014-02-19",24248,0,0,110,0,0,0,0,0,0,0,67,3741,0,0,0,1,1,0,0,1,0,0,0,0
"2014-02-20",24399,0,0,0,0,0,0,0,0,0,0,0,12176,0,0,1,0,0,1,0,0,0,0,0,0
"2014-03-04",8329,0,0,183,0,0,0,0,0,0,0,0,0,0,0,0,0,0,0,0,1,0,0,0,0
"2014-03-11",33863,0,163,753,0,0,0,0,0,0,0,0,0,0,0,0,0,2,0,0,0,0,1,1,0
"2014-03-18",7013,0,0,196,0,0,0,0,0,0,0,0,5166,0,0,0,0,0,0,0,0,1,0,0,0
"2014-03-19",27091,0,0,358,0,0,0,0,0,0,0,0,11136,0,0,0,1,0,1,0,1,0,0,0,0
"2014-03-21",5290,0,0,48,0,0,0,0,0,0,0,0,988,0,0,0,0,0,0,0,0,0,0,0,1
"2014-03-27",51750,0,615,1840,0,0,0,0,0,0,0,4,4843,0,525,0,0,0,0,1,0,0,0,1,2
"2014-04-03",35663,0,401,924,0,0,0,0,0,0,0,0,2974,0,242,0,0,0,1,0,0,0,0,1,0
"2014-04-24",11776,0,0,751,0,0,0,0,0,0,0,0,136,0,82,0,0,0,1,0,0,0,0,0,0
"2014-04-30",29496,0,301,1014,0,0,0,0,0,0,0,0,4216,0,55,1,0,0,0,0,0,0,0,1,0
"2014-05-08",46201,0,840,997,0,0,0,0,0,0,0,8,1261,0,64,1,0,0,0,0,0,0,0,0,0
"2014-05-13",29288,0,209,806,0,0,0,0,0,0,0,0,1952,0,69,0,0,0,0,0,0,0,1,0,2
"2014-05-14",48319,0,879,1324,0,0,0,0,0,0,0,179,3710,0,432,2,0,0,1,0,0,1,0,0,0
"2014-05-15",64489,0,732,3085,0,0,0,0,0,0,0,4,8039,0,2228,0,0,0,0,0,0,0,0,1,3
"2014-05-21",45690,0,741,1063,0,0,0,0,0,0,0,1,2170,0,1725,0,1,0,0,0,0,0,0,1,2
"2014-05-22",59764,0,647,2451,0,0,0,0,0,0,0,0,2776,0,802,1,0,0,1,0,0,1,0,0,0
"2014-05-27",33362,0,446,1032,0,0,0,0,0,0,0,1,1962,0,220,1,1,0,0,1,0,0,0,0,0
"2014-05-28",52595,0,430,3845,0,0,0,0,0,0,0,1,4508,0,1294,1,0,1,0,0,1,0,1,0,0
"2014-05-29",53627,0,1067,1814,0,0,0,0,0,0,0,0,8879,0,622,0,0,0,1,0,0,1,1,0,0
"2014-06-05",27112,0,386,730,0,0,0,0,0,0,0,0,4339,0,687,2,1,0,0,0,0,0,0,0,0
"2014-06-10",18744,0,0,586,0,0,0,0,0,0,0,0,342,0,196,0,0,0,0,1,0,0,0,0,0
"2014-07-03",18046,0,367,417,0,0,0,0,0,0,0,0,136,0,91,0,0,0,0,0,0,1,0,0,1
"2014-07-08",44485,0,557,1326,0,0,0,0,0,0,0,5,5895,0,4436,0,0,1,0,1,0,1,1,0,0
"2014-07-09",56770,0,842,1267,0,0,0,0,0,0,0,0,9809,0,859,0,0,0,1,1,1,1,0,0,0
"2014-07-15",13435,0,88,723,0,0,0,0,0,0,0,0,1446,0,173,0,0,0,1,0,0,0,0,0,0
"2014-09-03",19086,0,405,785,0,0,0,0,322,0,0,0,4092,0,469,0,0,1,1,0,0,1,0,0,0
"2014-09-04",10044,0,3,197,0,0,0,0,0,0,0,0,3919,0,140,0,0,0,0,0,0,0,0,0,1
"2014-09-23",18201,0,115,403,0,0,0,0,0,0,0,0,3088,0,366,0,0,0,0,1,0,0,0,0,0
"2014-09-30",82164,0,2062,2087,0,0,0,0,0,0,0,5,8945,0,427,1,1,0,0,0,2,0,0,1,0
"2014-10-01",40654,0,792,1685,0,0,0,0,0,0,0,0,5455,0,3072,0,1,1,0,0,0,0,0,1,0
"2014-10-02",9177,0,178,248,0,0,0,0,0,0,0,0,628,0,91,0,0,0,0,0,0,0,0,0,1
"2014-10-28",26726,0,635,1062,0,0,0,0,0,0,0,0,1163,0,61,0,0,0,1,2,0,0,0,0,0
"2014-10-29",6320,0,93,865,0,0,0,0,0,0,0,1,98,0,30,0,0,0,0,0,0,1,0,0,0
"2014-10-30",10247,0,42,266,0,0,0,0,0,0,0,0,1006,0,104,0,0,0,0,0,0,1,0,0,0
"2014-11-04",9386,0,221,166,0,0,0,0,0,0,0,0,1056,0,21,0,0,0,0,0,0,0,0,0,1
"2014-11-06",21763,0,413,605,0,0,0,0,1260,0,0,0,735,0,95,0,0,0,0,0,0,0,1,0,0
"2015-01-13",59783,0,793,1607,0,0,0,0,0,0,0,0,18086,0,77,0,1,3,0,1,1,0,0,0,0
"2015-02-10",51392,0,645,971,0,0,0,0,0,0,0,0,4647,0,91,1,2,1,1,0,0,0,0,0,0
"2015-02-11",34766,0,480,609,0,0,0,0,0,0,0,1,5227,0,120,0,0,0,1,0,1,1,2,0,0
"2015-02-12",24628,0,348,370,0,0,0,0,0,0,0,0,869,0,13,0,0,0,1,0,0,0,2,0,0
"2015-02-17",30140,0,417,1257,0,0,0,0,0,0,0,0,1098,0,62,1,0,0,1,0,2,1,3,0,0
"2015-02-18",30979,0,776,746,0,0,0,0,0,0,0,1,11893,0,92,2,1,1,0,0,1,1,2,0,0
"2015-02-19",17246,0,304,239,0,0,0,0,0,0,0,0,4215,0,45,1,0,0,0,1,1,0,0,0,0
"2015-02-24",57719,0,438,1449,0,0,0,0,0,0,0,14,7327,0,59,1,0,0,0,2,0,1,1,1,0
"2015-02-25",41030,0,578,1591,0,0,0,0,0,0,0,6,993,0,48,1,1,1,0,0,1,0,0,0,1
"2015-02-26",27346,0,959,1114,0,0,0,0,0,0,0,1,414,0,17,1,0,0,1,1,0,0,0,1,0
"2015-03-10",12257,0,495,280,0,0,0,0,0,0,0,1,3331,0,251,0,0,0,1,0,0,2,0,0,1
"2015-03-11",42042,0,499,1297,0,0,0,0,0,0,0,0,3775,0,13,0,0,0,2,0,0,0,0,0,1
"2015-03-12",78979,0,1844,1363,0,0,0,0,0,0,0,7,12315,0,350,1,0,0,3,3,0,1,2,0,0
"2015-03-17",42825,0,286,1070,0,0,0,0,0,0,0,0,545,0,44,1,0,1,0,0,1,1,0,0,0
"2015-03-18",33593,0,818,1634,0,0,0,0,0,0,0,0,951,0,31,0,1,1,0,1,0,0,0,0,0
"2015-03-19",59149,0,1014,931,0,0,0,0,0,0,0,1,8608,0,64,1,0,3,0,0,0,0,1,0,0
"2015-03-24",22479,0,258,470,0,0,0,0,0,0,0,0,7538,0,104,0,0,0,0,0,0,0,0,1,0
"2015-03-25",46799,0,586,678,0,0,0,0,0,0,0,0,3820,0,533,0,0,0,1,0,1,0,1,0,0
"2015-03-26",32449,0,429,721,0,0,0,0,0,0,0,0,9558,0,493,1,0,0,1,0,0,0,0,0,0
"2015-03-31",40597,0,696,1647,0,0,0,0,0,0,0,1,4708,0,230,0,0,0,0,1,0,0,1,0,1
"2015-04-01",55148,0,589,1410,0,0,0,0,0,0,0,0,8364,0,830,1,1,0,0,0,1,0,0,1,0
"2015-04-02",8066,0,150,91,0,0,0,0,0,0,0,0,487,0,3,0,0,0,0,0,0,0,0,0,1
"2015-04-07",14611,0,158,452,0,0,0,0,0,0,0,0,0,0,0,0,0,0,0,1,0,0,0,0,0
"2015-04-08",34321,0,494,914,0,0,0,0,0,0,0,0,12947,0,869,0,1,0,0,0,0,0,0,1,0
"2015-04-09",34013,0,1147,519,0,0,0,0,0,0,0,6,599,0,29,0,0,1,1,0,0,0,0,1,1
"2015-04-14",19591,0,243,788,0,0,0,0,0,0,0,3,1894,0,771,0,0,0,0,0,0,0,2,0,0
"2015-04-15",17738,0,405,314,0,0,0,0,0,0,0,0,813,0,35,0,0,0,0,0,1,0,0,0,0
"2015-04-16",53126,0,1084,567,0,0,0,0,0,0,0,0,3336,0,487,1,2,0,0,0,0,1,0,0,1
"2015-04-18",23593,0,329,51,0,0,0,0,0,0,0,0,1180,0,0,0,1,0,0,0,0,0,0,0,0
"2015-04-21",39117,0,772,765,0,0,0,0,0,0,0,0,5011,0,512,0,1,1,0,0,0,1,2,1,0
"2015-04-22",61929,0,645,3571,0,0,0,0,0,0,0,0,190,0,29,1,1,0,0,1,0,2,0,0,1
"2015-04-23",41784,0,996,615,0,0,0,0,0,0,0,0,524,0,126,1,0,0,1,0,1,0,1,0,0
"2015-04-28",9895,0,194,447,0,0,0,0,0,0,0,0,400,0,0,0,0,0,1,0,0,0,0,0,0
"2015-04-29",20659,0,192,394,0,0,0,0,0,0,0,0,1244,0,1681,0,0,0,0,1,0,0,0,0,0
"2015-04-30",13238,0,175,259,0,0,0,0,0,0,0,0,6190,0,182,0,0,0,1,0,0,0,1,0,0
"2015-05-06",2261,0,0,112,0,0,0,0,0,0,0,0,1877,0,0,0,0,1,0,0,0,0,0,0,0
"2015-05-12",19239,0,892,666,0,0,0,0,0,0,0,0,5998,0,1840,0,0,0,1,0,0,0,0,0,0
"2015-05-14",6285,0,84,58,0,0,0,0,0,0,0,3,132,0,108,0,0,0,0,1,0,0,0,0,0
"2015-05-20",34547,0,513,1098,0,0,0,0,0,0,0,0,5261,0,897,0,0,0,0,0,1,1,0,0,0
"2015-05-21",7311,0,2,414,0,0,0,0,0,0,0,0,1471,0,3844,0,0,0,0,1,0,0,0,0,0
"2015-05-26",57766,0,1326,1398,0,0,0,0,0,0,0,0,1490,0,362,0,1,0,2,0,1,0,1,0,0
"2015-05-27",75769,0,1946,1435,0,0,0,0,0,0,0,0,5325,0,289,1,1,1,0,0,0,0,0,1,0
"2015-05-28",92364,0,1566,4339,0,0,0,0,0,0,0,0,4468,0,117,0,0,0,3,0,0,2,0,0,0
"2015-05-29",63871,0,992,899,0,0,0,0,0,0,0,0,4092,0,169,0,1,0,1,0,0,0,0,0,0
"2015-05-30",74245,0,774,675,0,0,0,0,0,0,0,0,3673,0,216,0,0,0,0,2,0,0,0,0,0
"2015-05-31",64413,0,655,373,0,0,0,0,0,0,0,0,3028,0,174,0,1,0,0,0,0,1,0,0,0
"2015-06-01",85687,0,1448,1637,0,0,0,0,0,0,0,0,4686,0,142,1,0,0,0,0,1,0,0,0,0
"2015-06-02",87639,0,1492,1706,0,0,0,0,0,0,0,0,4738,0,139,1,1,0,0,0,0,0,0,0,0
"2015-06-03",47533,0,666,941,0,0,0,0,0,0,0,0,761,0,117,0,0,1,0,0,0,0,0,0,0
"2015-06-04",49414,0,627,994,0,0,0,0,0,0,0,0,864,0,170,0,0,0,0,0,1,0,0,0,0
"2015-06-05",30475,0,388,821,0,0,0,0,0,0,0,0,360,0,60,0,0,0,0,1,0,0,0,0,0
"2015-06-07",12511,0,151,332,0,0,0,0,0,0,0,0,326,0,34,0,0,0,1,0,0,0,0,0,0
"2015-06-09",38519,0,666,564,0,0,0,0,0,0,0,0,7547,0,721,0,0,1,1,0,0,0,0,0,1
"2015-06-10",112746,0,2033,2216,0,0,0,0,0,0,0,0,20445,0,5980,0,1,1,0,1,1,1,2,2,0
"2015-06-11",84982,0,1695,1697,0,0,0,0,0,0,0,0,15529,0,1588,0,1,0,0,2,1,0,1,0,1
"2015-06-12",67617,0,1272,1063,0,0,0,0,0,0,0,0,11196,0,71,0,0,0,0,0,1,0,0,1,0
"2015-06-13",70727,0,1044,613,0,0,0,0,0,0,0,0,12769,0,221,0,0,0,0,0,0,0,0,1,1
"2015-06-14",60533,0,864,409,0,0,0,0,0,0,0,0,10479,0,187,0,0,0,1,0,0,1,0,0,0
"2015-06-15",74744,0,1500,1465,0,0,0,0,0,0,0,0,14505,0,156,1,0,0,0,0,0,0,0,0,1
"2015-06-16",61854,0,1320,1468,0,0,0,0,0,0,0,0,12063,0,1038,2,0,0,0,0,0,0,1,0,1
"2015-06-17",91311,0,2259,2223,0,0,0,0,0,0,0,0,10259,0,696,0,0,1,0,1,0,0,1,2,1
"2015-06-18",96661,0,2051,2266,0,0,0,0,0,0,0,0,12050,0,830,0,1,0,0,1,0,1,1,3,0
"2015-06-19",14413,0,324,338,0,0,0,0,0,0,0,0,1424,0,15,0,0,0,0,1,0,0,0,0,0
"2015-06-20",4173,0,28,6,0,0,0,0,0,0,0,0,326,0,288,0,1,0,0,0,0,0,0,0,0
"2015-06-23",13760,0,121,643,0,0,0,0,0,0,0,0,3946,0,1811,0,0,0,1,0,0,0,1,0,0
"2015-07-03",32479,0,262,413,0,0,0,0,0,0,0,0,421,0,146,0,0,1,0,0,0,0,0,0,0
"2015-07-04",33263,0,256,310,0,0,0,0,0,0,0,0,417,0,115,0,0,0,0,0,0,1,0,0,0
"2015-07-05",29547,0,223,162,0,0,0,0,0,0,0,0,292,0,111,0,0,0,0,0,0,0,0,1,0
"2015-07-06",58530,0,693,1131,0,0,0,0,0,0,0,0,5886,0,273,0,0,0,0,1,0,0,0,1,0
"2015-07-07",103072,0,1412,2410,0,0,0,0,0,0,0,1,14509,0,951,0,0,1,0,2,0,2,0,1,0
"2015-07-08",111768,0,1670,2490,0,0,0,0,0,0,0,1,19187,0,1264,0,0,0,0,0,1,2,1,0,1
"2015-07-09",89752,0,1697,1836,0,0,0,0,0,0,0,3,23945,0,3289,0,1,1,0,0,0,0,1,0,1
"2015-07-10",47609,0,836,1187,0,0,0,0,0,0,0,0,12027,0,112,1,0,0,0,0,0,0,1,0,0
"2015-07-11",32425,0,457,331,0,0,0,0,0,0,0,0,8074,0,71,1,0,0,0,0,0,0,0,0,0
"2015-07-12",29106,0,418,192,0,0,0,0,0,0,0,0,7332,0,73,1,0,0,0,0,0,0,0,0,0
"2015-07-13",16246,0,388,632,0,0,0,0,0,0,0,0,5478,0,51,0,0,0,0,0,0,1,0,0,0
"2015-07-16",21723,0,146,195,0,273,23,0,0,0,0,0,1889,0,50,0,0,1,0,0,1,0,0,0,0
"2015-08-17",26603,0,217,398,0,0,0,0,0,0,0,0,276,0,103,0,1,0,0,0,0,0,0,0,0
"2015-08-18",46551,0,473,1051,0,0,0,0,0,0,0,0,710,0,208,0,0,0,1,0,0,0,0,0,0
"2015-08-19",47125,0,482,1121,0,0,0,0,0,0,0,0,577,0,161,0,0,0,0,1,0,0,0,0,0
"2015-08-20",48260,0,454,989,0,0,0,0,0,0,0,0,456,0,182,0,0,0,0,1,0,0,0,0,0
"2015-08-21",47590,0,432,906,0,0,0,0,0,0,0,0,532,0,123,0,0,0,0,0,0,0,0,0,1
"2015-08-22",34665,0,266,283,0,0,0,0,0,0,0,0,357,0,100,0,0,0,0,0,0,0,0,0,1
"2015-08-23",31059,0,235,153,0,0,0,0,0,0,0,0,286,0,98,0,0,1,0,0,0,0,0,0,0
"2015-08-24",18017,0,234,579,0,0,0,0,0,0,0,0,178,0,52,0,0,0,1,0,0,0,0,0,0
"2015-08-25",18401,0,345,330,0,0,0,0,0,0,0,0,7154,0,46,0,0,0,0,0,0,0,0,1,0
"2015-08-26",31347,0,675,853,0,0,0,0,0,0,0,0,12032,0,80,0,0,0,0,1,0,0,0,0,0
"2015-08-27",31031,0,667,853,0,0,0,0,0,0,0,0,11409,0,47,0,0,0,0,0,0,0,0,0,1
"2015-08-28",60699,0,1108,1091,0,0,0,0,0,0,0,0,14803,0,147,0,0,0,0,1,0,0,0,1,0
"2015-08-29",62358,0,941,614,0,0,0,0,0,0,0,0,11698,0,150,0,2,0,0,0,0,0,0,0,0
"2015-08-30",55338,0,831,433,0,0,0,0,0,0,0,0,10587,0,178,0,1,0,0,0,0,0,0,0,1
"2015-08-31",67164,0,1631,1372,0,0,0,0,0,0,0,0,16213,0,257,0,0,0,0,0,1,1,0,0,0
"2015-09-01",51582,0,1200,1177,0,0,0,0,0,0,0,0,9301,0,215,1,0,0,0,0,0,1,0,0,0
"2015-09-02",38238,0,817,694,0,0,0,0,0,0,0,0,4449,0,102,0,0,0,0,0,0,0,0,0,1
"2015-09-03",40586,0,805,710,0,0,0,0,0,0,0,0,4764,0,98,0,0,0,0,0,0,1,0,0,0
"2015-09-04",13567,0,324,379,0,0,0,0,0,0,0,0,1299,0,23,1,0,0,0,0,0,0,0,0,0
"2015-09-08",28523,0,337,392,0,0,0,0,0,0,0,0,379,0,102,0,0,0,0,0,0,1,0,0,0
"2015-09-09",47359,0,665,939,0,0,0,0,0,0,0,0,645,0,88,0,0,0,0,0,1,0,0,0,0
"2015-09-10",49835,0,634,1035,0,0,0,0,0,0,0,0,649,0,103,0,0,0,0,0,0,1,0,0,0
"2015-09-11",51511,0,704,963,0,0,0,0,0,0,0,0,699,0,153,0,0,0,0,0,0,1,0,0,0
"2015-09-12",36998,0,246,270,0,0,0,0,0,0,0,0,250,0,43,0,0,1,0,0,0,0,0,0,0
"2015-09-13",31919,0,236,139,0,0,0,0,0,0,0,0,180,0,22,0,0,0,0,0,0,0,0,1,0
"2015-09-14",44639,0,558,887,0,0,0,0,0,0,0,0,579,0,87,0,0,0,1,0,0,0,0,0,0
"2015-09-15",197957,0,2096,4433,0,0,0,0,0,0,0,0,19178,0,3975,1,2,0,2,3,2,2,1,2,1
"2015-09-17",103624,0,1889,1934,0,0,0,0,0,0,0,0,17842,0,1451,2,0,1,0,3,0,1,2,0,2
"2015-09-18",20520,0,430,286,0,0,0,0,0,0,0,0,9049,0,61,0,0,1,0,0,0,0,0,0,0
"2015-09-19",28249,0,507,294,0,0,0,0,0,0,0,0,8190,0,94,0,0,0,0,0,0,0,1,1,0
"2015-09-20",48404,0,1003,869,0,0,0,0,0,0,0,0,11033,0,149,0,0,0,0,0,1,0,0,1,0
"2015-09-21",63635,0,1491,1298,0,0,0,0,0,0,0,0,15405,0,92,0,0,0,0,0,1,0,1,0,0
"2015-09-22",69143,0,1650,1386,0,0,0,0,0,0,0,0,16561,0,131,1,0,1,0,0,0,0,0,0,0
"2015-09-23",87303,0,1979,1708,0,0,0,0,0,0,0,0,19003,0,4861,0,0,0,1,0,0,0,1,1,1
"2015-09-24",66728,0,1261,1003,0,0,0,0,0,0,0,0,16007,0,131,0,0,1,0,0,1,0,0,0,0
"2015-09-25",42078,0,740,528,0,0,0,0,0,0,0,0,5452,0,35,0,0,0,1,0,0,0,1,0,0
"2015-09-26",11603,0,277,289,0,0,0,0,0,0,0,0,1259,0,6,0,0,0,0,0,1,0,0,0,0
"2015-09-29",204682,0,2727,4286,0,0,0,0,0,0,0,0,40595,0,2253,2,3,3,2,1,0,1,1,1,0
"2015-09-30",4487,0,107,202,0,0,0,0,0,0,0,0,2973,0,325,0,1,0,0,0,0,0,0,0,0
"2015-10-01",36519,0,931,630,0,0,0,0,0,0,0,0,6647,0,238,0,0,1,1,1,0,1,1,0,0
"2015-10-07",48865,0,895,1856,0,0,0,0,0,0,0,0,13383,0,3549,0,1,0,0,0,2,1,0,1,0
"2015-10-08",189140,0,1987,23590,0,0,0,0,0,0,0,0,528,0,1959,0,2,0,0,0,1,0,0,4,0
"2015-10-15",208230,0,3460,23513,0,0,0,0,0,0,0,0,5242,0,793,0,3,3,4,0,3,2,1,2,1
"2015-10-20",60970,0,1188,752,0,0,0,0,0,0,0,0,14678,0,1200,1,1,1,0,0,0,0,1,1,1
"2015-10-21",83086,0,1145,1882,0,0,0,0,0,0,0,0,13744,0,10227,1,0,3,1,1,1,0,0,0,2
"2015-10-22",15452,0,313,1621,0,0,0,0,0,0,0,0,846,0,130,0,1,0,1,0,0,0,0,0,1
"2015-10-23",22992,0,199,177,0,0,0,0,0,0,0,0,234,0,23,0,0,0,1,0,0,0,0,0,0
"2015-10-24",38921,0,259,239,0,0,0,0,0,0,0,0,329,0,36,0,0,0,0,0,1,0,0,0,0
"2015-10-25",32820,0,243,149,0,0,0,0,0,0,0,0,210,0,25,0,0,0,0,0,0,0,0,0,1
"2015-10-26",61870,0,983,1330,0,0,0,0,0,0,0,0,5992,0,74,0,0,0,0,1,0,0,1,0,0
"2015-10-27",112087,0,1872,2765,0,0,0,0,0,0,0,297,11788,0,946,1,0,2,0,1,0,0,0,0,0
"2015-10-28",83587,0,1466,2036,0,0,0,0,0,0,0,0,7892,0,42,1,1,0,0,0,0,0,0,0,0
"2015-10-29",84737,0,1350,2110,0,0,0,0,0,0,0,0,9687,0,51,0,0,1,0,0,0,0,1,0,0
"2015-10-30",65701,0,1245,2019,0,0,0,0,0,0,0,0,10100,0,61,0,1,0,0,0,0,0,0,0,1
"2015-10-31",29508,0,425,303,0,0,0,0,0,0,0,0,5814,0,22,0,0,0,0,0,1,0,0,0,0
"2015-11-01",27611,0,407,193,0,0,0,0,0,0,0,0,4320,0,24,0,0,0,0,1,0,0,0,0,0
"2015-11-02",12193,0,376,607,0,0,0,0,0,0,0,0,3082,0,14,0,0,0,0,1,0,0,0,0,0
"2015-11-03",54342,0,838,1672,0,0,0,0,0,0,0,0,5445,0,69,0,1,2,0,0,1,0,0,0,0
"2015-11-04",52206,0,1152,1326,0,0,0,0,0,0,0,0,9487,0,51,0,0,0,0,0,1,1,0,0,0
"2015-11-05",37338,0,825,1073,0,0,0,0,0,0,0,0,11129,0,50,0,0,0,0,0,0,0,0,0,1
"2015-11-06",37182,0,837,947,0,0,0,0,0,0,0,0,10105,0,59,0,0,0,0,0,1,0,0,0,0
"2015-11-07",47772,0,498,391,0,0,0,0,0,0,0,0,7051,0,37,0,0,0,0,0,0,1,1,0,0
"2015-11-08",38240,0,452,196,0,0,0,0,0,0,0,0,4585,0,30,0,0,1,0,0,0,1,0,0,0
"2015-11-09",29429,0,782,668,0,0,0,0,0,0,0,0,8440,0,31,1,0,0,0,0,0,0,0,0,0
"2015-11-10",34031,0,787,1395,0,0,0,0,0,0,0,0,11550,0,113,0,0,0,0,1,0,0,1,0,0
"2015-11-11",7091,0,154,231,0,0,0,0,0,0,0,1,12317,0,44,0,0,0,0,0,0,1,0,0,0
"2015-11-12",27751,0,588,319,0,0,0,0,0,0,0,0,2244,0,13,0,0,0,0,0,0,0,0,1,0
"2015-11-13",41424,0,828,528,0,0,0,0,0,0,0,0,3785,0,19,0,0,0,0,0,0,0,1,0,0
"2015-11-14",35312,0,499,207,0,0,0,0,0,0,0,0,2517,0,14,0,1,0,0,0,0,0,0,0,0
"2015-11-15",30730,0,412,140,0,0,0,0,0,0,0,0,2268,0,13,0,0,0,1,0,0,0,0,0,0
"2015-11-16",37280,0,806,623,0,0,0,0,0,0,0,0,3405,0,26,0,1,0,0,0,0,0,0,0,0
"2015-11-17",38762,0,800,631,0,0,0,0,0,0,0,0,3369,0,30,0,0,0,0,0,0,1,0,0,0
"2015-11-18",39230,0,857,668,0,0,0,0,0,0,0,0,4055,0,21,0,0,0,1,0,0,0,0,0,0
"2015-11-19",12584,0,280,316,0,0,0,0,0,0,0,0,1212,0,4,1,0,0,0,0,0,0,0,0,0
"2015-11-20",35304,0,308,497,0,0,0,0,0,0,0,0,363,0,20,0,0,0,0,1,0,0,0,0,0
"2015-11-21",39216,0,260,285,0,0,0,0,0,0,0,0,318,0,11,0,0,0,0,1,0,0,0,0,0
"2015-11-22",32487,0,221,135,0,0,0,0,0,0,0,0,264,0,14,0,0,0,0,0,0,0,0,1,0
"2015-11-23",45446,0,636,921,0,0,0,0,0,0,0,0,454,0,29,0,0,0,0,0,0,0,0,0,1
"2015-11-24",70719,0,831,4910,0,0,0,0,0,0,0,0,1188,0,132,3,0,1,0,0,0,1,0,1,0
"2015-11-25",48206,0,621,927,0,0,0,0,0,0,0,0,440,0,24,0,0,0,0,0,0,0,0,1,0
"2015-11-26",48208,0,608,928,0,0,0,0,0,0,0,0,471,0,30,0,0,0,0,0,1,0,0,0,0
"2015-11-27",13680,0,214,368,0,0,0,0,0,0,0,0,108,0,4,0,0,0,0,1,0,0,0,0,0
"2015-12-02",31989,0,354,537,0,0,0,0,0,0,0,0,304,0,6,0,0,0,0,0,0,0,0,1,0
"2015-12-03",48433,0,644,953,0,0,0,0,0,0,0,0,492,0,15,0,0,0,0,0,0,0,0,0,1
"2015-12-04",50650,0,625,910,0,0,0,0,0,0,0,0,370,0,26,0,1,0,0,0,0,0,0,0,0
"2015-12-05",39721,0,238,259,0,0,0,0,0,0,0,0,288,0,18,0,0,0,0,1,0,0,0,0,0
"2015-12-06",31980,0,221,176,0,0,0,0,0,0,0,0,296,0,21,1,0,0,0,0,0,0,0,0,0
"2015-12-07",44853,0,636,972,0,0,0,0,0,0,0,0,470,0,36,1,0,0,0,0,0,0,0,0,0
"2015-12-08",219248,0,4423,6929,0,0,0,0,0,0,0,0,12224,0,117,1,0,0,0,0,1,0,1,4,2
"2015-12-09",13317,0,249,466,0,0,0,0,0,0,0,0,89,0,11,0,0,0,0,0,1,0,0,0,0
"2015-12-11",24330,0,414,304,0,0,0,0,0,0,0,0,7263,0,9,0,0,0,0,0,0,1,0,0,0
"2015-12-12",31620,0,431,279,0,0,0,0,0,0,0,0,7191,0,17,0,0,0,0,0,0,1,0,0,0
"2015-12-13",25232,0,376,223,0,0,0,0,0,0,0,0,5655,0,12,0,0,0,0,1,0,0,0,0,0
"2015-12-14",30891,0,721,714,0,0,0,0,0,0,0,0,8146,0,10,0,1,0,0,0,0,0,0,0,0
"2015-12-15",55706,0,1240,1036,0,0,0,0,0,0,0,0,13513,0,27,0,0,0,1,0,0,1,1,0,0
"2015-12-16",97414,0,1715,2231,0,0,0,0,0,0,0,0,13227,0,56,0,0,0,0,1,0,0,0,2,0
"2015-12-17",84177,0,1438,1491,0,0,0,0,0,0,0,0,10357,0,28,1,0,0,1,0,0,0,0,0,0
"2015-12-18",63918,0,1018,1239,0,0,0,0,0,0,0,0,6599,0,22,2,0,0,0,0,0,0,0,0,0
"2015-12-19",43436,0,533,337,0,0,0,0,0,0,0,0,2790,0,17,0,0,0,0,0,0,1,0,0,0
"2015-12-20",37530,0,446,183,0,0,0,0,0,0,0,0,2482,0,12,0,0,0,0,0,0,0,0,0,1
"2015-12-21",45690,0,635,724,0,0,0,0,0,0,0,0,3349,0,5,0,0,0,0,0,0,0,0,1,0
"2015-12-22",30351,0,391,710,0,0,0,0,0,0,0,0,2445,0,18,0,0,0,0,0,1,0,0,0,0
"2016-01-10",28933,0,239,120,0,0,0,0,0,0,0,0,142,0,3,1,0,0,0,0,0,0,0,0,0
"2016-01-11",41705,0,659,832,0,0,0,0,0,0,0,0,277,0,4,0,0,0,0,0,0,0,0,0,1
"2016-01-12",42229,0,644,1008,0,0,0,0,0,0,0,0,299,0,5,0,0,0,0,0,0,1,0,0,0
"2016-01-13",69159,0,1347,1376,0,0,0,0,0,0,0,0,2705,0,6,0,0,0,0,0,0,1,0,1,0
"2016-01-14",79162,0,1480,1403,0,0,0,0,0,0,0,0,3606,0,7,0,0,0,1,0,0,1,0,0,0
"2016-01-15",84727,0,1546,1351,0,0,0,0,0,0,0,0,3751,0,6,1,0,0,1,0,0,0,0,0,0
"2016-01-16",65184,0,792,456,0,0,0,0,0,0,0,0,2231,0,6,0,0,0,0,0,0,0,0,2,0
"2016-01-17",26817,0,413,117,0,0,0,0,0,0,0,0,1728,0,2,0,1,0,0,0,0,0,0,0,0
"2016-01-18",31273,0,864,677,0,0,0,0,0,0,0,0,3143,0,3,0,0,0,0,0,0,0,1,0,0
"2016-01-19",33374,0,901,634,0,0,0,0,0,0,0,0,2809,0,4,0,0,0,0,0,1,0,0,0,0
"2016-01-20",38207,0,1078,1193,0,0,0,0,0,0,0,0,5864,0,13,0,1,0,0,0,1,0,0,1,0
"2016-01-21",44200,0,1266,1160,0,0,0,0,0,0,0,0,8265,0,16,1,0,1,0,0,0,0,1,0,0
"2016-01-22",35077,0,1066,618,0,0,0,0,0,0,0,0,8016,0,11,0,0,0,0,0,0,1,0,0,0
"2016-01-23",28198,0,659,250,0,0,0,0,0,0,0,0,5136,0,3,0,0,0,0,0,1,0,0,0,0
"2016-01-24",22981,0,611,178,0,0,0,0,0,0,0,0,4069,0,10,0,0,0,0,1,0,0,0,0,0
"2016-01-25",30824,0,1034,663,0,0,0,0,0,0,0,0,8120,0,15,0,0,0,0,0,0,0,1,0,0
"2016-01-26",111198,0,2311,2433,0,0,0,0,0,0,0,0,20758,0,123,2,1,4,1,2,2,6,3,1,1
"2016-02-02",326740,0,6679,12736,0,0,0,0,0,0,0,0,24979,0,190,1,3,3,1,1,0,3,3,1,4
"2016-02-04",31777,0,343,406,0,0,0,0,0,0,0,0,371,0,13,0,0,0,0,1,0,0,0,0,0
"2016-02-05",47195,0,629,786,0,0,0,0,0,0,0,0,412,0,5,0,0,0,0,0,0,0,0,0,1
"2016-02-06",35678,0,267,227,0,0,0,0,0,0,0,0,217,0,3,0,0,0,0,0,1,0,0,0,0
"2016-02-07",29841,0,238,167,0,0,0,0,0,0,0,0,159,0,5,0,0,0,0,0,0,1,0,0,0
"2016-02-08",41632,0,621,818,0,0,0,0,0,0,0,0,289,0,9,0,1,0,0,0,0,0,0,0,0
"2016-02-09",79489,0,1325,1722,0,0,0,0,0,0,0,0,12483,0,225,0,0,1,0,0,0,0,1,0,1
"2016-02-10",76231,0,1420,1495,0,0,0,0,0,0,0,0,8214,0,14,0,0,0,0,0,0,0,1,0,1
"2016-02-11",47337,0,1035,1070,0,0,0,0,0,0,0,0,7021,0,10,0,0,0,1,1,0,0,0,0,0
"2016-02-12",33648,0,753,582,0,0,0,0,0,0,0,0,6591,0,10,0,1,0,0,0,0,0,0,0,0
"2016-02-13",27516,0,467,261,0,0,0,0,0,0,0,0,3820,0,5,0,0,0,0,0,1,0,0,0,0
"2016-02-14",24024,0,431,152,0,0,0,0,0,0,0,0,3002,0,2,1,0,0,0,0,0,0,0,0,0
"2016-02-15",31877,0,678,606,0,0,0,0,0,0,0,0,6345,0,10,0,0,0,1,0,0,0,0,0,0
"2016-02-16",7207,0,222,236,0,0,0,0,0,0,0,0,1515,0,2,0,0,0,0,1,0,0,0,0,0
"2016-02-17",22354,0,518,442,0,0,0,0,0,0,0,0,2291,0,2,0,1,0,0,0,0,0,0,0,0
"2016-02-18",53324,0,1179,1231,0,0,0,0,0,0,0,0,4657,0,18,0,1,1,0,0,0,1,0,0,0
"2016-02-19",38321,0,840,607,0,0,0,0,0,0,0,0,3501,0,6,1,0,0,0,0,0,0,0,0,0
"2016-02-20",30811,0,531,366,0,0,0,0,0,0,0,0,2163,0,3,0,0,0,0,1,0,0,0,0,0
"2016-02-21",27906,0,424,157,0,0,0,0,0,0,0,0,1922,0,1,0,0,0,0,0,0,1,0,0,0
"2016-02-22",34792,0,884,588,0,0,0,0,0,0,0,0,3445,0,4,0,0,1,0,0,0,0,0,0,0
"2016-02-23",45073,0,1021,730,0,0,0,0,0,0,0,0,4070,0,178,0,0,0,0,0,1,1,0,0,0
"2016-02-24",12299,0,354,346,0,0,0,0,0,0,0,0,1251,0,2,0,1,0,0,0,0,0,0,0,0
"2016-03-08",6254,0,192,78,0,0,0,0,0,0,0,0,452,0,7,0,0,1,0,0,0,0,0,0,0
"2016-03-09",35704,0,685,504,0,0,0,0,0,0,0,0,7104,0,99,0,0,0,0,0,1,0,1,0,0
"2016-03-10",37480,0,887,557,0,0,0,0,0,0,0,0,3570,0,2,0,0,0,0,0,0,0,0,0,1
"2016-03-11",39973,0,870,546,0,0,0,0,0,0,0,0,3633,0,10,0,0,0,0,0,1,0,0,0,0
"2016-03-12",35155,0,518,215,0,0,0,0,0,0,0,0,2575,0,8,0,0,0,0,0,0,0,1,0,0
"2016-03-13",27607,0,398,137,0,0,0,0,0,0,0,0,2173,0,10,0,0,0,0,0,0,0,1,0,0
"2016-03-14",35045,0,880,539,0,0,0,0,0,0,0,0,3081,0,4,0,1,0,0,0,0,0,0,0,0
"2016-03-15",37207,0,888,582,0,0,0,0,0,0,0,0,3348,0,7,1,0,0,0,0,0,0,0,0,0
"2016-03-16",65579,0,1138,906,0,0,0,0,0,0,0,0,7808,0,39,0,0,0,0,0,1,0,1,0,1
"2016-03-17",84776,0,1433,1424,0,0,0,0,0,0,0,0,10395,0,43,1,0,0,0,0,0,0,0,1,0
"2016-03-18",87259,0,1374,1530,0,0,0,0,0,0,0,0,10060,0,42,0,0,0,0,0,0,0,1,1,0
"2016-03-19",69361,0,728,411,0,0,0,0,0,0,0,0,7311,0,19,0,0,0,1,0,0,0,0,1,0
"2016-03-20",59996,0,690,294,0,0,0,0,0,0,0,0,7413,0,51,0,0,0,0,0,0,1,1,0,0
"2016-03-21",76738,0,1402,1369,0,0,0,0,0,0,0,0,9231,0,80,0,1,0,0,0,0,0,0,1,0
"2016-03-22",115907,0,2333,2924,0,0,0,0,0,0,0,0,26762,0,272,1,1,0,0,1,0,0,0,3,1
"2016-03-23",67996,0,1774,2589,0,0,0,0,0,0,0,0,6628,0,72,1,1,1,0,1,1,1,1,1,0
"2016-03-30",39971,0,688,718,0,0,0,0,0,0,0,0,759,0,120,0,0,0,0,1,0,0,1,0,0
"2016-04-05",52584,0,842,955,0,0,0,0,0,0,0,0,4097,0,122,0,0,0,1,1,0,1,0,0,0
"2016-04-06",54805,0,593,1502,0,0,0,0,0,0,0,0,5143,0,596,0,0,1,0,1,0,1,2,0,0
"2016-04-12",4868,0,91,106,0,0,0,0,0,0,0,0,6003,0,101,0,0,0,0,0,0,0,1,0,0
"2016-04-13",48377,0,740,608,0,0,0,0,0,0,0,0,6323,0,46,0,0,0,0,0,0,0,1,0,1
"2016-04-14",85133,0,1450,1644,0,0,0,0,0,0,0,0,10582,0,93,1,1,0,0,0,0,0,0,0,0
"2016-04-15",88078,0,1479,1539,0,0,0,0,0,0,0,0,10810,0,111,0,0,0,0,0,1,1,0,0,0
"2016-04-16",71659,0,789,439,0,0,0,0,0,0,0,0,8526,0,108,1,0,1,0,0,0,0,0,0,0
"2016-04-17",61056,0,672,336,0,0,0,0,0,0,0,0,7637,0,161,0,0,1,0,0,0,0,0,1,0
"2016-04-18",77175,0,1413,1451,0,0,0,0,0,0,0,0,7840,0,48,0,0,0,0,0,0,1,0,1,0
"2016-04-19",81746,0,1445,1601,0,0,0,0,0,0,0,0,10535,0,94,0,1,0,1,0,0,0,0,0,0
"2016-04-20",71410,0,1129,4938,0,0,0,0,0,0,0,0,4126,0,129,0,0,0,0,1,0,1,0,1,2
"2016-04-21",71709,0,1030,1410,0,0,0,0,0,0,0,0,4465,0,445,0,2,2,1,1,1,1,2,0,0
"2016-04-22",41802,0,836,574,0,0,0,0,0,0,0,0,3740,0,39,0,0,0,0,0,0,0,1,0,0
"2016-04-23",37178,0,538,252,0,0,0,0,0,0,0,0,3230,0,77,0,0,0,0,0,0,0,0,0,1
"2016-04-24",31238,0,427,161,0,0,0,0,0,0,0,0,2737,0,85,1,0,0,0,0,0,0,0,0,0
"2016-04-25",38034,0,854,609,0,0,0,0,0,0,0,0,3650,0,46,0,0,0,0,0,0,0,0,0,1
"2016-04-26",39203,0,873,609,0,0,0,0,0,0,0,0,4072,0,32,0,0,0,0,0,1,0,0,0,0
"2016-04-27",40101,0,872,703,0,0,0,0,0,0,0,0,3839,0,33,0,0,0,0,1,0,0,0,0,0
"2016-04-28",17192,0,414,397,0,0,0,0,0,0,0,0,1589,0,10,0,0,0,0,0,0,0,0,0,1
"2016-05-02",26425,0,568,330,0,0,0,0,0,0,0,0,2536,0,14,0,0,1,0,0,0,0,0,0,0
"2016-05-03",111056,0,2530,991,0,1686,2111,0,0,0,0,0,6678,0,399,0,0,0,2,0,2,0,0,1,0
"2016-05-04",99588,0,1985,716,0,1762,2157,0,0,0,0,0,3897,0,14,1,0,0,1,0,0,0,0,0,1
"2016-05-05",57814,0,1310,978,0,0,0,0,0,0,0,0,6227,0,61,0,0,1,0,0,1,0,0,0,0
"2016-05-06",42816,0,855,608,0,0,0,0,0,0,0,0,4679,0,85,0,0,0,0,1,0,0,0,0,0
"2016-05-07",37625,0,553,283,0,0,0,0,0,0,0,0,3566,0,90,0,0,0,0,0,1,0,0,0,0
"2016-05-08",33588,0,418,138,0,0,0,0,0,0,0,0,1857,0,31,0,1,0,0,0,0,0,0,0,0
"2016-05-09",11505,0,299,293,0,0,0,0,0,0,0,0,1035,0,5,0,1,0,0,0,0,0,0,0,0
"2016-05-10",26931,0,317,312,0,0,0,0,0,0,0,0,429,0,78,0,0,0,0,0,0,0,0,1,0
"2016-05-11",134389,0,1736,931,0,3836,2430,0,0,0,0,0,609,0,128,0,0,2,0,0,0,1,0,0,0
"2016-05-12",159953,0,2155,1824,0,3821,2470,0,0,0,0,0,1033,0,224,0,0,0,1,1,2,1,0,0,0
"2016-05-13",48509,0,510,851,0,0,0,0,0,0,0,0,553,0,101,0,0,0,0,0,0,0,1,0,0
"2016-05-14",38198,0,260,279,0,0,0,0,0,0,0,0,362,0,95,0,1,0,0,0,0,0,0,0,0
"2016-05-15",32121,0,241,154,0,0,0,0,0,0,0,0,231,0,32,0,0,0,1,0,0,0,0,0,0
"2016-05-16",45334,0,660,948,0,0,0,0,0,0,0,0,446,0,77,0,0,0,0,0,1,0,0,0,0
"2016-05-17",49372,0,338,1762,0,0,0,0,0,0,0,0,38386,0,1535,0,1,0,0,1,0,1,1,1,0
"2016-05-18",51000,0,0,1501,0,0,0,0,0,0,0,0,52183,0,2359,0,1,0,0,0,0,1,1,1,1
"2016-05-19",486014,0,6994,1821,0,16950,4175,0,0,0,0,0,80343,0,3314,1,1,0,3,4,2,1,3,1,0
"2016-05-24",92580,0,1649,233,0,2144,413,0,0,0,0,0,6643,0,32,0,1,1,0,0,0,0,0,1,0
"2016-05-25",197273,0,3073,2422,0,3110,1255,0,0,0,0,0,11236,0,135,1,0,0,0,1,0,0,1,3,0
"2016-05-26",77798,0,1066,851,0,1017,881,0,0,0,0,0,11052,0,89,1,0,0,0,0,0,0,0,0,1
"2016-05-27",40908,0,825,911,0,0,0,0,0,0,0,0,9847,0,47,0,0,0,1,0,0,0,0,0,0
"2016-05-28",33745,0,548,360,0,0,0,0,0,0,0,0,8256,0,52,0,0,0,0,0,0,0,0,1,0
"2016-05-29",30814,0,547,231,0,0,0,0,0,0,0,0,8511,0,59,0,0,0,0,0,0,0,0,0,1
"2016-05-30",36280,0,799,849,0,0,0,0,0,0,0,0,10570,0,55,0,0,0,0,0,1,0,0,0,0
"2016-05-31",52681,0,799,1849,0,0,0,0,0,0,0,0,17027,0,12471,2,0,0,1,1,0,0,1,1,0
"2016-06-07",146354,0,1082,0,0,9707,6744,0,0,0,0,0,0,0,0,1,2,0,1,0,0,0,0,0,0
"2016-06-08",160694,0,1614,439,0,9498,6778,0,0,0,0,0,204,0,253,0,1,0,1,0,0,3,1,0,0
"2016-06-14",68167,0,1332,0,0,2798,897,0,0,0,0,0,0,0,0,0,0,0,0,0,1,1,0,1,0
"2016-06-15",142427,0,1612,2827,0,4821,2854,0,0,0,0,0,1166,0,212,1,0,0,0,1,0,0,1,0,2
"2016-06-21",77055,0,893,773,0,486,63,0,0,0,0,0,3138,0,9232,1,0,3,0,0,1,1,0,1,1
"2016-06-23",0,0,0,0,0,0,0,0,0,0,0,0,2304,16378,306,0,0,0,0,0,0,0,0,1,0
"2016-06-30",39505,0,393,798,0,0,0,0,0,0,0,0,1540,0,1173,1,0,1,0,1,0,1,0,0,0
"2016-08-09",9236,0,111,260,0,0,0,0,0,0,0,0,1116,0,28,0,0,0,0,0,0,1,0,0,0
"2016-08-30",6805,0,70,373,0,0,0,0,0,0,0,0,838,0,1622,0,0,0,0,0,0,1,0,0,0
"2016-09-01",8188,0,112,233,0,0,0,0,0,0,0,0,804,0,3383,0,0,0,0,0,0,0,0,1,0
"2016-09-08",18166,0,358,164,0,0,0,0,0,0,0,0,1570,0,26,0,0,0,0,1,0,0,0,0,0
"2016-09-09",41138,0,867,665,0,0,0,0,0,0,0,0,4379,0,95,0,0,0,0,1,0,0,0,0,0
"2016-09-10",34268,0,534,312,0,0,0,0,0,0,0,0,2643,0,120,0,0,0,1,0,0,0,0,0,0
"2016-09-11",29151,0,430,142,0,0,0,0,0,0,0,0,2404,0,50,0,0,0,0,0,0,0,0,0,1
"2016-09-12",37478,0,911,596,0,0,0,0,0,0,0,0,3694,0,95,0,0,0,0,0,0,0,1,0,0
"2016-09-13",88637,0,2074,3559,0,0,0,0,0,0,0,0,5956,0,151,0,0,0,0,1,2,1,1,0,0
"2016-09-14",74312,0,1517,1414,0,0,0,0,0,0,0,0,6868,0,144,0,0,1,0,0,1,0,0,1,0
"2016-09-15",119106,0,2948,3486,0,0,0,0,0,0,0,0,11778,0,540,0,3,0,1,0,2,0,1,0,0
"2016-09-20",113766,0,1831,2444,0,0,0,0,0,0,0,0,23144,0,2299,2,1,2,0,0,0,1,2,0,0
"2016-09-21",36286,0,457,941,0,0,0,0,0,0,0,0,10866,0,309,0,0,0,1,1,0,1,1,0,1
"2016-09-22",17135,0,380,603,0,0,0,0,0,0,0,0,53134,0,6966,0,0,0,0,0,0,0,1,1,0
"2016-09-28",10232,0,273,310,0,0,0,0,0,0,0,0,235,0,25,0,1,0,0,0,0,0,0,0,0
"2016-09-29",15011,0,343,314,0,0,0,0,0,0,0,0,2033,0,2582,1,0,0,0,0,1,1,0,0,0
"2016-10-18",20039,0,278,365,0,0,0,0,0,0,0,0,1969,0,143,0,0,0,0,0,0,1,0,1,0
"2016-10-26",72270,0,1263,0,128,0,0,1446,0,0,0,0,21463,0,327,0,0,1,1,0,0,0,0,1,0
"2016-11-01",4445,0,87,63,0,0,0,0,0,0,0,0,671,0,70,0,0,0,0,0,1,0,0,0,0
"2016-11-02",16786,0,111,335,0,0,0,0,0,0,0,0,6235,0,1084,1,0,0,2,0,1,1,1,0,0
"2016-11-08",14206,0,313,228,0,0,0,0,0,0,0,0,2665,0,2368,0,0,0,0,0,0,1,0,1,0
"2016-11-23",6773,0,119,290,0,0,0,0,0,0,0,0,750,0,170,1,0,0,0,0,0,0,0,0,0
"2016-11-24",8394,0,118,101,0,0,0,0,0,0,0,0,414,0,5,0,0,0,1,0,0,0,0,0,0
"2016-12-01",40483,0,1302,1652,0,0,0,0,0,0,0,0,6560,0,67,0,0,0,0,0,1,1,0,1,0
"2016-12-08",60009,0,309,1595,0,0,0,0,0,0,0,0,4769,0,21,2,0,0,0,0,0,2,0,1,0
"2016-12-10",47364,0,491,423,0,0,0,0,0,0,0,0,645,0,5,1,0,1,0,0,0,0,1,0,0
"2016-12-11",38683,0,413,219,0,0,0,0,0,0,0,0,548,0,12,1,0,0,0,0,0,0,1,0,1
"2017-01-12",4582,0,156,104,0,0,0,0,0,0,0,0,35,0,0,0,0,1,0,0,0,0,0,0,0
"2017-02-04",45686,0,81,100,0,0,0,0,0,0,0,0,658,0,15,1,0,0,0,1,0,0,0,0,1
"2017-02-07",5484,0,150,129,0,0,0,0,0,0,0,0,577,0,3,1,0,0,0,0,0,0,0,0,0
"2017-02-09",7385,0,96,120,0,0,0,0,0,0,0,0,323,0,0,0,1,0,0,0,0,0,0,0,0
"2017-02-21",118532,0,2173,3144,0,0,0,0,0,0,0,0,14872,0,178,4,1,1,1,1,0,1,2,0,2
"2017-02-22",7025,0,45,175,0,0,0,0,0,0,0,0,127,0,0,0,0,0,0,0,0,0,0,0,1
"2017-02-23",102845,0,2718,2095,0,0,0,0,0,0,0,0,3911,0,56,1,1,0,1,1,0,0,2,1,0
"2017-02-28",22775,0,186,689,0,0,0,0,0,0,0,0,10257,0,596,2,2,0,2,2,0,1,1,0,0
"2017-03-21",99764,0,3088,3763,0,0,0,0,0,0,0,0,30142,0,177,1,1,2,2,0,0,3,1,0,2
"2017-03-22",32598,0,331,802,0,0,0,0,0,0,0,0,1470,0,0,0,0,1,0,0,0,0,0,1,0
"2017-03-23",15740,0,154,397,0,0,0,0,0,0,0,0,709,0,0,0,0,0,0,0,0,0,1,0,0
"2017-03-28",8739,0,72,277,0,0,0,0,0,0,0,0,1397,0,9,0,0,0,0,0,0,0,1,0,0
"2017-04-06",14119,0,187,136,0,0,0,0,0,0,0,0,4229,0,0,0,0,0,0,0,0,0,0,0,1
"2017-04-07",15951,0,210,104,0,0,0,0,0,0,0,0,5971,0,0,0,0,0,0,0,0,0,0,0,1
"2017-04-12",10984,0,225,269,0,0,0,0,0,0,0,0,1444,0,90,0,0,0,0,1,0,0,1,0,0
"2017-04-20",29022,0,421,772,0,0,0,0,0,0,0,0,2913,0,57,0,0,0,1,0,0,0,0,0,1
"2017-04-25",123217,0,1228,0,0,2975,263,0,0,0,0,0,12538,0,5737,0,1,1,1,1,0,1,1,0,0
"2017-04-26",105878,0,1061,0,0,2533,202,0,0,0,0,0,8542,0,2498,0,1,0,1,0,0,1,1,1,0
"2017-04-27",22529,0,184,0,0,648,45,0,0,0,0,0,0,0,0,0,0,0,1,0,0,0,0,0,0
"2017-05-01",0,0,0,0,0,0,0,0,0,0,0,0,1173,57462,0,0,1,0,0,1,0,0,0,0,0
"2017-05-02",96926,0,1571,0,0,2507,108,0,0,0,0,0,24615,59661,3779,1,0,1,1,1,2,1,0,1,0
"2017-05-03",0,0,0,0,0,0,0,0,0,0,0,0,1386,58617,0,0,1,0,0,0,0,0,0,0,1
"2017-05-04",76646,0,1212,0,0,2086,103,0,0,0,0,0,25133,59984,3689,0,0,2,0,0,2,1,1,1,0
"2017-05-05",0,0,0,0,0,0,0,0,0,0,0,0,1176,59240,0,0,0,0,0,0,1,0,0,0,1
"2017-05-09",38797,0,426,0,0,901,42,0,0,0,0,0,18486,0,6819,0,0,0,1,1,1,0,2,0,1
"2017-05-10",24297,0,569,974,0,0,0,0,0,0,0,0,718,0,80,0,0,0,1,0,0,0,1,0,0
"2017-05-11",42517,0,281,417,0,742,26,0,0,0,0,0,13063,0,8888,0,0,0,0,1,0,1,1,2,0
"2017-05-15",0,0,0,0,0,0,0,0,0,0,0,0,0,18080,0,0,1,0,0,0,0,0,0,0,0
"2017-05-16",107890,0,1721,0,0,2685,111,0,0,0,0,0,30231,19181,11260,2,0,1,0,0,0,2,1,2,0
"2017-05-17",26857,0,321,664,0,0,0,0,0,0,0,0,1142,18666,206,0,0,0,1,1,0,0,0,2,0
"2017-05-18",96520,0,1670,0,0,2307,73,0,0,0,0,0,29236,19061,7365,1,1,0,1,1,1,0,0,1,1
"2017-05-19",0,0,0,0,0,0,0,0,0,0,0,0,0,16395,0,0,0,0,0,0,0,0,0,1,0
"2017-05-24",72936,0,1272,0,7,1296,78,72,0,0,0,0,34977,0,29823,1,1,0,3,2,0,1,0,1,0
"2017-05-25",87290,0,1569,684,0,1250,74,0,0,0,0,0,40845,0,17814,0,1,0,1,0,1,1,1,1,2
"2017-05-31",7359,0,257,144,0,0,0,0,0,0,0,0,4112,0,419,0,0,1,0,0,0,0,0,1,0
"2017-06-07",67339,0,707,1998,0,0,0,0,0,0,0,0,0,0,0,0,1,0,0,0,0,0,2,0,2
"2017-06-08",76967,0,847,5711,0,0,0,0,0,0,0,0,70,0,21,1,0,0,0,1,1,1,0,0,2
"2017-06-14",12832,0,188,671,0,0,0,0,0,0,0,0,2437,0,1737,0,0,0,0,1,0,2,0,0,0
"2017-06-15",2634,0,0,12,0,0,0,0,0,0,0,0,1808,0,57,0,0,0,0,0,1,0,0,0,0
"2017-06-20",11362,0,393,409,0,0,0,0,0,0,0,0,8431,0,52,0,0,0,0,0,0,1,0,1,0
"2017-06-21",61635,0,1316,1197,0,0,0,0,0,0,0,0,5572,0,681,1,1,1,0,0,2,0,1,1,2
"2017-06-22",41385,0,889,770,0,0,0,0,0,0,0,0,0,0,0,1,0,1,0,0,0,0,0,1,1
"2017-07-06",21723,0,127,887,6,0,0,181,0,0,0,0,8687,0,3970,0,2,0,0,0,0,1,0,0,0
"2017-07-09",16914,0,79,81,2,0,0,27,0,0,0,0,10156,0,2566,0,0,1,0,1,0,0,0,0,1
"2017-07-12",8504,0,151,224,0,0,0,0,0,0,0,0,506,0,0,0,0,0,1,0,0,0,0,0,0
"2017-09-07",7934,0,85,188,0,0,0,0,0,0,0,0,205,0,18,0,0,0,0,0,0,0,0,1,0
"2017-09-13",50743,0,371,2871,0,0,0,0,0,0,0,0,16631,0,5572,0,2,1,1,1,0,1,0,0,1
"2017-09-20",105236,0,2849,383,0,3757,2110,0,0,0,0,0,6608,0,470,0,1,1,0,0,4,0,1,0,1
"2017-09-21",107008,0,2841,113,0,4032,2017,0,0,0,0,0,7065,0,618,2,1,2,1,1,0,0,0,0,1
"2017-09-26",25446,0,888,0,0,1598,617,0,0,0,0,0,948,0,365,0,0,0,0,1,0,0,0,0,0
"2017-09-27",145765,0,3834,0,0,6884,3545,0,0,0,0,0,4130,0,957,2,1,0,1,1,1,1,0,1,1
"2017-09-28",148330,0,3727,0,0,7212,3533,0,0,0,0,0,4096,0,1018,1,2,0,2,2,0,1,0,1,0
"2017-10-04",285416,0,5114,7214,0,355,21,0,0,0,0,0,60364,0,11240,0,3,1,1,0,1,3,2,1,1
"2017-10-05",232558,0,4178,6244,0,0,0,0,0,0,0,0,44728,0,1774,0,0,2,4,0,0,2,2,0,0
"2017-10-11",114700,0,2532,1112,0,1869,356,0,0,0,0,0,11886,0,4631,1,0,0,0,1,1,1,0,1,2
"2017-10-12",91328,0,1943,377,0,1877,377,0,0,0,0,0,6474,0,1713,0,0,1,1,1,0,1,2,0,0
"2017-10-18",175387,0,3232,1775,0,2964,917,0,0,0,0,0,10103,0,458,2,2,4,0,1,1,0,0,0,0
"2017-10-19",129858,0,2606,0,0,2805,908,0,0,0,0,0,4915,0,189,1,1,0,3,0,0,0,0,1,0
"2017-10-25",112874,0,2373,0,0,4692,2137,0,0,0,0,0,2911,0,108,1,0,0,0,0,2,0,0,1,0
"2017-10-26",107415,0,1942,0,0,5102,1953,0,0,0,0,0,1754,0,112,0,0,2,0,1,0,0,1,0,0
"2017-11-01",249835,0,4596,6480,0,0,0,0,0,0,0,0,46562,0,1144,2,1,2,0,1,0,0,0,1,3
"2017-11-02",231324,0,4183,5219,0,0,0,0,0,0,0,0,38139,0,439,0,2,2,2,0,0,0,1,3,0
"2017-11-07",111468,0,1269,4429,0,0,0,0,0,0,0,0,23995,0,359,1,1,2,1,2,0,0,2,2,1
"2017-11-14",65125,0,1715,1812,0,0,0,0,0,0,0,0,9150,0,169,0,0,2,1,2,0,0,0,0,1
"2017-11-21",130814,0,1041,627,0,3245,1443,0,0,0,0,0,11344,0,270,0,0,0,0,0,2,1,2,2,0
"2017-11-22",99109,0,578,0,0,3197,1479,0,0,0,0,0,7265,0,119,0,0,2,1,1,0,0,0,0,0
"2017-11-23",99749,0,595,0,0,3484,1487,0,0,0,0,0,7373,0,151,0,0,0,0,0,1,0,2,0,1
"2017-11-28",155195,0,2404,4520,0,0,0,0,0,0,0,0,45750,0,1090,1,0,0,2,3,1,4,0,3,0
"2017-11-29",51610,0,1430,1748,0,0,0,0,0,0,0,0,4173,0,129,0,0,1,0,1,0,2,0,2,2
"2017-11-30",29765,0,658,533,0,113,20,0,0,0,0,0,3416,0,123,1,0,1,0,0,1,0,0,0,0
"2017-12-01",7337,0,258,0,0,237,59,0,0,0,0,0,451,0,7,0,0,0,0,0,0,0,0,0,1
"2017-12-05",190143,0,2532,5298,0,0,0,0,0,0,0,0,23051,0,196,1,4,1,1,3,1,2,0,2,2
"2018-01-11",3973,0,24,272,0,0,0,0,0,0,0,0,0,0,0,0,0,0,0,1,0,0,0,0,0
"2018-01-17",14670,0,444,316,0,0,0,0,0,0,0,0,2082,9773,197,0,0,1,0,0,1,0,0,0,1
"2018-01-25",0,0,0,0,0,0,0,0,0,0,0,0,0,5418,0,0,0,1,0,0,0,0,0,0,0
"2018-02-01",3401,0,7,47,0,0,0,0,0,0,0,0,887,0,8,0,0,0,0,0,0,0,1,0,0
"2018-02-06",2956,0,26,60,0,0,0,0,0,0,0,0,573,0,31,1,0,0,0,0,0,0,0,0,0
"2018-02-14",56932,0,705,2496,0,0,0,0,0,0,0,0,25430,0,76,0,0,1,1,0,0,0,2,2,1
"2018-02-15",23627,0,124,883,0,0,0,0,0,0,0,0,39577,0,303,0,0,1,3,0,0,0,0,0,0
"2018-02-19",10356,0,213,323,0,0,0,0,0,0,0,0,854,0,118,0,0,1,0,0,0,0,0,0,0
"2018-02-20",105949,0,3373,2078,0,0,0,0,0,0,0,0,17062,0,110,0,0,0,0,0,0,0,2,3,1
"2018-02-27",62779,0,767,1825,0,0,0,0,0,0,0,0,30115,0,1240,0,1,1,3,1,1,2,1,2,0
"2018-02-28",49823,0,1866,948,0,0,0,0,0,0,0,0,13199,0,16,1,0,0,0,1,0,2,1,0,1
"2018-03-01",50463,0,1619,1249,0,0,0,0,0,0,0,0,2672,0,32,1,0,0,1,0,1,0,1,0,0
"2018-03-20",330347,0,17883,12428,0,0,0,0,0,0,0,0,124403,0,293,1,2,0,1,1,5,3,0,1,2
"2018-03-21",335600,0,18108,12147,0,0,0,0,0,0,0,0,126991,0,317,1,0,1,0,3,2,3,2,3,1
"2018-03-22",312114,0,16352,12235,0,0,0,0,0,0,0,0,122489,0,304,0,0,1,1,1,4,1,3,2,1
"2018-03-28",4853,0,98,127,0,0,0,0,0,0,0,0,3258,0,13,0,0,0,0,0,1,0,0,0,0
"2018-04-12",78931,0,1427,0,185,0,0,2622,0,0,0,0,47769,0,2366,2,0,2,1,0,0,2,0,2,0
"2018-04-14",47626,0,903,0,38,0,0,422,0,0,0,0,29969,0,576,0,0,2,0,0,1,3,0,2,1
"2018-04-18",34679,0,459,0,0,0,769,0,0,0,0,0,15452,0,80,0,0,0,0,0,0,0,1,0,2
"2018-04-19",47239,0,741,0,100,0,0,1363,0,0,0,0,12418,0,2066,0,0,0,1,3,1,1,0,1,1
"2018-04-21",12098,0,135,0,14,0,0,137,0,0,0,0,9511,0,1039,0,1,2,0,1,0,1,1,0,0
"2018-04-26",62118,0,678,0,254,0,0,1574,0,0,0,0,38009,0,2145,3,0,2,0,2,0,2,1,0,0
"2018-04-28",19860,0,217,0,34,0,0,294,0,0,0,0,13616,0,2375,2,2,1,0,0,2,1,0,0,2
"2018-05-02",30475,0,448,0,0,0,437,0,0,0,0,0,4005,0,202,0,1,0,1,0,0,0,1,0,0
"2018-05-03",3682,0,72,0,0,0,50,0,0,0,0,0,1547,0,0,0,0,0,1,0,0,0,0,0,0
"2018-05-10",21722,0,204,0,67,0,0,794,0,0,0,0,4492,0,1495,1,0,0,0,0,1,0,1,0,0
"2018-05-12",1891,0,58,0,4,0,0,31,0,0,0,0,966,0,365,0,0,0,0,0,1,0,0,0,0
"2018-05-16",34945,0,755,0,0,0,925,0,0,0,0,0,15748,0,2040,2,0,3,0,0,0,0,0,1,1
"2018-05-17",49903,0,1155,0,38,0,0,528,0,0,0,0,4602,0,4481,1,0,0,0,2,2,0,2,0,0
"2018-05-19",36019,0,814,0,18,0,0,225,0,0,0,0,2279,0,3597,0,1,0,0,0,1,1,0,0,2
"2018-05-24",31572,0,459,0,33,0,307,426,0,0,0,0,4838,0,2233,1,0,1,1,0,1,1,1,0,0
"2018-05-29",83863,0,575,0,0,0,2870,0,0,0,0,0,11720,0,675,0,0,0,0,0,0,2,1,1,2
"2018-05-31",20489,0,250,0,0,0,898,0,0,0,0,0,3417,0,293,0,0,2,0,0,0,1,0,0,0
"2018-06-05",124561,0,6397,0,0,0,5183,0,0,0,0,0,69287,0,614,1,1,0,1,1,2,3,0,0,1
"2018-06-06",51951,0,536,0,0,0,1553,0,0,0,0,0,1319,0,75,1,1,1,0,0,0,0,2,0,0
"2018-06-12",64077,0,1445,0,0,0,4381,0,0,0,0,0,2163,0,103,0,2,0,1,0,0,0,0,0,0
"2018-06-13",91299,0,1867,0,0,0,5109,0,0,0,0,0,8993,0,512,2,1,1,0,0,0,1,1,0,0
"2018-06-14",143997,0,2558,0,67,0,4181,1288,0,0,0,0,16663,0,2858,3,3,0,3,0,1,0,0,0,3
"2018-06-16",23766,0,339,0,0,0,480,0,0,0,0,0,904,0,699,1,0,0,0,1,0,0,0,0,0
"2018-06-17",19960,0,344,0,0,0,254,0,0,0,0,0,837,0,711,0,0,0,0,0,1,1,0,0,0
"2018-06-18",30513,0,616,0,0,0,4077,0,0,0,0,0,691,0,125,1,0,0,0,0,0,1,0,0,0
"2018-06-19",92813,0,1763,0,0,0,6077,0,0,0,0,0,34563,0,20128,2,2,0,0,1,2,1,2,2,1
"2018-06-20",48435,0,965,0,0,0,5134,0,0,0,0,0,1490,0,548,0,0,2,0,0,0,0,1,0,0
"2018-06-21",52725,0,1444,0,7,0,4603,136,0,0,0,0,9210,0,18442,2,3,0,1,1,0,0,1,0,0
"2018-06-22",34489,0,609,0,0,0,3876,0,0,0,0,0,1011,0,639,0,1,0,1,0,0,0,0,0,0
"2018-06-23",11534,0,777,0,0,0,0,58,0,0,0,0,1599,0,2045,0,0,0,0,0,1,0,2,1,0
"2018-06-27",44157,0,875,0,0,0,1606,0,0,0,0,0,25472,0,785,1,1,0,0,1,0,0,0,0,1
"2018-06-29",51723,0,866,0,0,0,535,0,0,0,0,0,75889,0,339,1,0,1,0,0,0,0,1,1,1
"2018-06-30",55885,0,849,0,0,0,393,0,0,0,0,0,89086,0,317,1,2,0,1,0,0,0,0,1,0
"2018-07-05",57945,0,737,0,236,0,0,1748,0,0,0,0,19509,0,7433,0,1,0,1,2,1,1,0,0,1
"2018-07-07",64685,0,1162,0,83,0,0,741,0,0,0,0,37085,0,9047,1,0,1,1,4,1,1,0,0,2
"2018-07-08",26405,0,209,0,0,0,173,0,0,0,0,0,962,0,24,0,0,0,0,0,0,0,0,1,0
"2018-07-09",38984,0,518,0,0,0,847,0,0,0,0,0,1326,0,29,1,0,0,0,0,0,0,0,0,0
"2018-07-10",339679,0,3612,0,0,0,15511,0,0,0,0,0,22411,0,1502,0,2,0,0,1,2,1,1,2,2
"2018-07-11",346441,0,3642,0,0,0,15852,0,0,0,0,0,22433,0,1369,2,3,1,0,1,0,1,2,0,1
"2018-07-12",432237,0,4779,0,234,0,16911,1966,0,0,0,0,90344,0,22965,4,2,1,0,2,2,0,6,3,3
"2018-07-13",93632,0,1174,0,0,0,2508,0,0,0,0,0,6668,0,177,0,0,0,2,0,0,1,0,0,0
"2018-07-14",100915,0,1313,0,61,0,838,475,0,0,0,0,29730,0,8487,1,1,0,4,1,3,1,1,0,2
"2018-07-15",35698,0,495,0,0,0,262,0,0,0,0,0,3687,0,121,0,0,1,0,0,1,0,0,0,0
"2018-07-16",43845,0,652,0,0,0,1612,0,0,0,0,0,4341,0,168,0,0,0,0,0,0,0,0,0,2
"2018-07-17",34009,0,627,0,0,0,1304,0,0,0,0,0,5743,0,121,0,0,0,1,0,0,0,0,0,1
"2018-07-18",21661,0,291,0,0,0,967,0,0,0,0,0,5770,0,140,0,1,0,0,0,0,0,0,0,0
"2018-07-19",93064,0,1907,0,201,0,934,2452,0,0,0,0,101882,0,7538,1,1,3,1,1,0,0,1,1,0
"2018-07-26",14199,0,250,0,25,0,0,385,0,0,0,0,24007,0,3314,1,0,0,0,0,0,0,0,0,0
"2018-07-28",67330,0,1711,0,58,0,0,697,0,0,0,0,185130,0,8411,2,0,1,0,0,1,0,4,1,0
"2018-08-07",203627,0,3864,0,138,0,5173,615,0,0,0,0,33808,0,2206,0,2,1,0,2,1,2,0,1,1
"2018-08-08",189299,0,3789,0,0,0,5295,0,0,0,0,0,24002,0,1770,1,0,1,0,1,2,0,2,1,1
"2018-08-09",198221,0,3779,0,0,0,5371,0,0,0,0,0,25531,0,2221,0,3,3,1,0,0,2,0,0,0
"2018-08-10",23562,0,173,0,0,0,331,0,0,0,0,0,587,0,1636,0,0,0,0,0,0,0,0,1,0
"2018-08-11",17587,0,73,0,0,0,94,0,0,0,0,0,500,0,1517,0,0,0,0,1,0,0,0,0,0
"2018-08-12",16128,0,51,0,0,0,68,0,0,0,0,0,465,0,1309,0,0,0,0,1,0,0,0,0,0
"2018-08-13",20924,0,117,0,0,0,312,0,0,0,0,0,651,0,1608,0,0,0,0,0,1,0,0,0,0
"2018-08-14",92734,0,2761,0,0,0,3988,0,0,0,0,0,4847,0,350,0,0,0,0,1,1,1,1,0,0
"2018-08-15",104231,0,2880,0,0,0,4567,0,0,0,0,0,6594,0,340,0,0,0,0,0,2,0,0,0,3
"2018-08-16",112414,0,2901,0,0,0,4527,0,0,0,0,0,6278,0,2052,2,0,0,0,0,1,2,0,1,0
"2018-08-19",14132,0,283,0,0,0,61,0,0,0,0,0,732,0,53,0,1,0,0,0,0,0,0,0,0
"2018-08-20",18410,0,441,0,0,0,324,0,0,0,0,0,986,0,43,0,0,0,0,0,0,0,0,1,0
"2018-08-21",141938,0,1490,0,0,0,8368,0,0,0,0,0,5038,0,1411,0,0,1,0,0,1,1,0,2,1
"2018-08-22",142704,0,1561,0,0,0,8713,0,0,0,0,0,5087,0,764,1,0,1,0,0,1,1,1,0,1
"2018-08-23",150646,0,1547,0,0,0,9046,0,0,0,0,0,5847,0,1374,0,1,0,0,1,1,2,1,0,0
"2018-08-24",20653,0,458,0,0,0,308,0,0,0,0,0,987,0,53,0,0,0,0,1,0,0,0,0,0
"2018-08-25",24448,0,350,0,0,0,370,0,0,0,0,0,798,0,39,0,2,0,0,0,0,0,0,0,0
"2018-08-26",7527,0,7,0,0,0,195,0,0,0,0,0,35,0,3,0,0,0,1,0,0,0,0,0,0
"2018-08-27",16549,0,86,0,0,0,1882,0,0,0,0,0,77,0,4,0,1,0,0,0,0,0,0,0,0
"2018-08-28",18079,0,107,0,0,0,1947,0,0,0,0,0,54,0,4,0,0,0,1,0,0,0,0,0,0
"2018-08-29",17234,0,133,0,0,0,1809,0,0,0,0,0,46,0,5,0,0,0,0,0,0,0,0,1,0
"2018-08-30",43780,0,375,0,0,0,2603,0,0,0,0,0,1100,0,128,0,1,1,0,0,0,1,0,0,0
"2018-08-31",16946,0,113,0,0,0,1636,0,0,0,0,0,82,0,3,1,0,0,0,0,0,0,0,0,0
"2018-09-05",107358,0,1826,0,59,0,4263,659,0,0,0,0,29795,0,2150,0,1,0,2,0,1,1,0,0,0
"2018-09-06",191745,0,2919,0,0,0,7857,0,0,0,0,0,13733,0,592,2,1,1,1,1,0,0,0,0,0
"2018-09-07",200451,0,2948,0,0,0,6941,0,0,0,0,0,15236,0,609,0,2,1,0,0,0,1,0,0,2
"2018-09-08",182790,0,1912,0,51,0,1940,200,0,0,0,0,41443,0,2212,0,0,0,1,0,2,2,1,2,0
"2018-09-09",139637,0,1342,0,0,0,1116,0,0,0,0,0,12145,0,381,0,0,0,1,1,2,0,0,1,1
"2018-09-10",147628,0,2694,0,0,0,6262,0,0,0,0,0,3678,0,400,1,0,1,1,0,2,0,0,0,0
"2018-09-11",300438,0,5092,0,374,0,10216,2015,0,0,153,0,7849,0,768,0,3,0,0,1,1,1,1,3,0
"2018-09-12",168821,0,3132,0,0,0,6351,0,0,0,0,0,5547,0,423,1,0,0,1,1,0,0,1,0,1
"2018-09-13",341003,0,5375,0,1362,0,3875,7460,0,0,924,0,17947,0,2939,0,0,1,2,1,2,2,1,5,1
"2018-09-14",104987,0,1976,0,339,0,0,2185,0,0,0,0,10813,0,1205,0,0,1,1,0,0,0,0,1,0
"2018-09-15",77701,0,961,0,96,0,0,624,0,0,0,0,6756,0,751,0,0,0,0,0,1,1,0,1,0
"2018-09-18",259298,0,4609,0,0,0,8993,0,0,0,198,0,17116,0,1833,2,1,0,1,2,0,1,2,0,2
"2018-09-19",237296,0,4607,0,0,0,7365,0,0,0,0,0,14748,0,1054,0,1,1,2,0,1,1,0,3,0
"2018-09-20",464589,0,8456,0,342,0,8567,4144,0,0,0,0,77805,0,16910,4,4,4,0,3,6,1,4,3,0
"2018-09-21",46925,0,929,0,0,0,1327,0,0,0,0,0,19199,0,1642,0,0,1,0,0,0,1,0,0,0
"2018-09-22",47568,0,1389,0,4,0,457,65,0,0,0,0,27573,0,4319,0,0,0,1,0,1,1,1,0,0
"2018-09-23",29635,0,707,0,0,0,247,0,0,0,0,0,22350,0,2226,0,0,0,0,0,0,1,0,1,0
"2018-09-24",36325,0,935,0,0,0,1331,0,0,0,0,0,18454,0,2825,0,0,0,1,0,0,0,0,1,0
"2018-09-25",118317,0,2465,0,0,0,3744,0,0,0,0,0,20175,0,2146,3,0,0,0,0,1,2,0,1,0
"2018-09-26",332673,0,7472,0,513,0,3724,7976,0,0,0,0,126895,0,17008,1,2,1,0,2,1,2,2,4,1
"2018-09-27",231403,0,4561,0,0,0,6377,0,0,0,0,0,28130,0,7159,1,2,3,1,2,2,1,1,0,1
"2018-09-28",130365,0,2243,0,0,0,2531,0,0,0,0,0,19917,0,2248,0,0,1,0,1,1,0,0,0,1
"2018-09-29",127471,0,1436,0,0,0,1241,0,0,0,0,0,18860,0,1471,0,0,0,1,2,0,0,0,1,0
"2018-09-30",108691,0,1295,0,0,0,674,0,0,0,0,0,13432,0,1322,1,0,0,0,0,1,0,0,2,0
"2018-10-01",166935,0,2686,0,0,0,4498,0,0,0,0,0,16880,0,2071,0,1,0,0,1,2,0,0,1,0
"2018-10-02",395138,0,7427,0,0,0,10050,0,0,0,0,0,25197,0,1723,1,2,3,1,1,2,1,1,0,3
"2018-10-03",638942,0,10776,0,1111,0,9709,10231,0,0,0,0,58036,0,6818,2,2,1,1,2,1,0,6,4,2
"2018-10-04",298332,0,5244,0,0,0,7437,0,0,0,0,0,10888,0,934,0,0,3,0,2,0,1,0,2,1
"2018-10-05",36435,0,540,0,0,0,1243,0,0,0,0,0,491,0,104,0,0,0,0,0,0,1,0,0,0
"2018-10-06",23366,0,220,0,0,0,203,0,0,0,0,0,275,0,52,0,0,0,0,1,0,0,0,0,0
"2018-10-07",20177,0,202,0,0,0,86,0,0,0,0,0,278,0,47,0,0,0,0,0,0,0,0,0,1
"2018-10-10",15391,0,287,0,26,0,73,289,0,0,0,0,10516,0,1776,1,0,0,0,0,0,1,0,0,0
"2018-10-11",10001,0,441,0,0,0,120,0,0,0,0,0,457,0,4,0,0,0,0,1,0,0,0,0,0
"2018-10-12",16866,0,797,0,0,0,318,0,0,0,0,0,812,0,13,0,0,0,0,0,0,0,0,1,0
"2018-10-13",14231,0,386,0,0,0,125,0,0,0,0,0,433,0,19,0,0,0,0,1,0,0,0,0,0
"2018-10-14",12537,0,336,0,0,0,43,0,0,0,0,0,445,0,24,1,0,0,0,0,0,0,0,0,0
"2018-10-15",14656,0,795,0,0,0,244,0,0,0,0,0,699,0,7,0,0,0,0,0,0,0,0,1,0
"2018-10-16",295243,0,5908,0,0,0,9374,0,0,0,0,0,59786,0,17273,2,2,0,5,4,1,3,1,2,2
"2018-10-17",229422,0,4831,0,0,0,7324,0,0,0,0,0,55051,6785,2579,2,1,1,0,2,1,1,0,2,3
"2018-10-18",213732,0,4115,0,0,0,6667,0,0,0,0,0,44550,0,2114,3,0,0,1,0,1,2,1,1,1
"2018-10-23",21193,0,602,0,0,0,924,0,0,0,0,0,854,0,47,0,0,1,0,0,0,1,0,0,0
"2018-10-24",40410,0,1051,0,0,0,1341,0,0,0,0,0,1134,0,40,0,1,0,0,0,1,0,0,0,0
"2018-10-25",98483,0,1779,0,0,0,2471,0,0,0,0,0,3226,0,92,2,1,2,0,1,0,0,0,0,1
"2018-10-26",125837,0,1895,0,0,0,2914,0,0,0,0,0,8913,0,271,0,1,1,0,0,0,0,1,1,1
"2018-10-27",122583,0,1226,0,0,0,1226,0,0,0,0,0,4552,0,112,0,2,1,1,1,0,1,0,0,0
"2018-10-28",104595,0,1132,0,0,0,553,0,0,0,0,0,3588,0,67,0,0,1,0,0,1,0,1,2,1
"2018-10-29",111860,0,1904,0,0,0,2711,0,0,0,0,0,8867,0,201,1,1,1,0,0,0,0,1,1,0
"2018-10-30",279040,0,5357,0,0,0,8278,0,0,0,0,0,64118,0,847,2,2,0,0,4,1,1,0,1,1
"2018-10-31",287632,0,5515,0,0,0,7642,0,0,0,0,0,53085,0,614,1,1,0,3,0,3,1,2,1,1
"2018-11-01",215115,0,3632,0,0,0,6168,0,0,0,0,0,49655,0,507,1,0,1,0,1,1,0,1,1,2
"2018-11-02",19107,0,333,0,0,0,794,0,0,0,0,0,982,0,7,0,0,0,0,0,1,0,0,0,1
"2018-11-06",75020,0,1275,0,0,0,5973,0,0,0,0,0,54702,0,135,0,1,2,0,2,1,1,0,0,0
"2018-11-07",71293,0,795,0,0,0,5815,0,0,0,0,0,60598,0,114,1,0,0,0,1,0,1,1,0,1
"2018-11-08",103662,0,1021,0,45,0,6686,445,0,0,32,0,78635,0,361,0,1,1,0,1,0,1,1,0,2
"2018-11-09",21701,0,279,0,0,0,296,0,0,0,0,0,966,0,9,0,0,0,1,0,0,0,0,0,0
"2018-11-10",31731,0,235,0,0,0,256,0,0,0,0,0,1185,0,14,0,0,0,1,0,0,0,0,0,0
"2018-11-11",26871,0,228,0,0,0,114,0,0,0,0,0,888,0,12,1,0,0,0,0,0,0,0,0,0
"2018-11-12",29199,0,557,0,0,0,566,0,0,0,0,0,1571,0,21,0,0,0,0,0,0,0,0,0,1
"2018-11-13",116578,0,2539,0,0,0,7392,0,0,0,0,0,10010,0,496,1,0,1,3,0,1,0,1,1,0
"2018-11-14",111452,0,2246,0,0,0,6903,0,0,0,0,0,4308,0,42,0,0,0,0,2,0,0,1,1,1
"2018-11-15",225230,0,3978,0,190,0,7377,2514,0,0,0,0,27980,0,3995,1,2,2,0,1,1,2,0,2,3
"2018-11-16",9505,0,244,0,0,0,396,0,0,0,0,0,475,0,0,0,0,0,0,0,0,1,0,0,0
"2018-11-20",213082,0,3841,0,0,0,7347,0,0,0,0,0,91930,0,241,2,0,2,1,0,1,0,2,1,2
"2018-11-21",207233,0,3747,0,0,0,6764,0,0,0,0,0,90476,0,112,1,0,2,3,1,0,3,0,0,1
"2018-11-22",224222,0,3613,0,0,0,6490,0,0,0,0,0,90671,0,94,1,0,1,1,2,0,0,2,3,0
"2018-11-23",17402,0,143,0,0,0,777,0,0,0,0,0,1503,0,4,0,0,0,0,1,0,0,0,0,0
"2018-11-24",14876,0,132,0,0,0,221,0,0,0,0,0,1147,0,3,0,0,0,0,0,0,0,0,1,0
"2018-11-25",11522,0,116,0,0,0,170,0,0,0,0,0,679,0,5,0,1,0,0,0,0,0,0,0,0
"2018-11-26",104450,0,2372,0,0,0,3746,0,0,0,0,0,33489,0,109,0,0,0,0,0,2,0,0,1,1
"2018-11-27",273020,0,6670,0,0,0,9352,0,0,0,0,0,48038,0,147,1,2,3,1,0,3,2,5,0,0
"2018-11-28",299118,0,6516,0,0,0,9569,0,0,0,0,0,52201,0,202,0,1,0,1,2,1,1,5,0,2
"2018-11-29",289493,0,6042,0,35,0,9133,418,0,0,0,0,56890,0,397,2,0,3,1,0,3,0,1,2,0
"2018-11-30",78773,0,2081,0,0,0,2402,0,0,0,0,0,32096,0,68,0,0,0,0,0,0,1,1,0,0
"2018-12-01",38395,0,740,0,0,0,505,0,0,0,0,0,7218,0,14,0,0,0,0,0,0,1,0,1,0
"2018-12-02",30453,0,650,0,0,0,292,0,0,0,0,0,4572,0,15,1,0,0,0,0,1,0,0,0,0
"2018-12-04",24890,0,286,0,0,0,721,0,0,0,0,0,1491,0,18,1,0,0,0,0,0,0,0,1,0
"2018-12-06",32036,0,1211,0,0,0,1312,0,0,0,0,0,12815,0,111,0,0,0,0,0,0,3,0,0,0
"2018-12-10",19004,0,207,0,0,0,2450,0,0,0,0,0,84,0,2,0,0,0,0,0,1,0,0,0,0
"2018-12-11",48888,0,569,0,0,0,5352,0,0,0,0,0,19718,0,67,0,0,0,0,0,0,0,1,0,1
"2018-12-12",49547,0,546,0,0,0,5157,0,0,0,0,0,18820,0,25,0,0,1,0,0,0,0,0,0,1
"2018-12-13",51171,0,629,0,0,0,5163,0,0,0,0,0,20436,0,28,1,0,0,0,0,0,1,0,0,0
"2018-12-14",35056,0,356,0,0,0,4578,0,0,0,0,0,108,0,7,0,0,0,0,0,0,0,0,1,0
"2018-12-15",9397,0,20,0,0,0,855,0,0,0,0,0,23,0,0,1,0,0,0,0,0,0,0,0,0
"2018-12-16",6890,0,22,0,0,0,461,0,0,0,0,0,5,0,0,0,0,0,0,0,0,0,0,0,1
"2018-12-17",14180,0,164,0,0,0,2081,0,0,0,0,0,46,0,0,0,0,0,0,1,0,0,0,0,0
"2019-01-23",11187,0,250,0,171,0,0,606,0,0,0,0,269,0,9,1,0,0,0,0,0,0,1,0,0
"2019-02-05",13276,0,172,0,0,0,377,0,0,0,0,0,4321,0,99,1,1,0,0,0,0,0,1,0,0
"2019-02-06",12521,0,155,0,0,0,207,0,0,0,0,0,5111,0,5,1,0,0,0,0,0,0,1,0,0
"2019-02-20",42325,0,1080,0,0,0,595,0,0,0,0,0,4738,0,14,1,0,1,1,0,2,0,1,1,0
"2019-03-06",4367,0,109,0,14,0,0,142,0,0,0,0,2305,0,38,0,0,0,0,1,0,0,0,0,0
"2019-03-13",5580,0,43,0,0,0,85,0,0,0,0,0,1700,0,85,0,0,0,0,0,0,0,1,1,0
"2019-03-26",17472,0,224,0,90,0,0,395,0,0,0,0,154,0,9,0,0,0,0,1,0,0,0,0,0
"2019-03-27",39838,0,986,0,0,0,1261,0,0,0,0,0,14930,0,22,0,0,0,0,0,1,1,2,2,0
"2019-04-03",114836,0,1643,0,408,0,0,4212,0,0,0,0,39547,0,1783,0,2,1,2,0,1,1,1,1,0
"2019-04-10",219183,0,2630,0,266,0,0,5541,0,0,0,0,68288,0,2071,1,2,4,2,2,1,0,0,0,0
"2019-04-16",254268,0,2857,0,254,0,0,6291,0,0,0,0,110737,0,12114,2,2,1,1,2,0,1,1,1,1
"2019-04-17",35824,0,370,0,0,0,532,0,0,0,0,0,13624,0,564,0,1,2,0,0,0,0,0,1,1
"2019-04-24",66098,0,1251,0,108,0,0,1817,0,0,0,0,9772,0,591,0,0,0,0,1,1,0,0,2,1
"2019-04-25",2997,0,36,0,0,0,25,0,0,0,0,0,609,0,57,0,0,0,1,0,0,0,0,0,0
"2019-05-02",60717,0,734,0,82,0,406,914,0,0,113,0,8843,0,1548,0,1,0,0,1,0,1,0,2,2
"2019-05-07",132059,0,2053,0,0,0,6312,0,0,0,0,0,6940,0,248,0,0,0,0,1,0,3,0,0,1
"2019-05-08",198252,0,3037,0,181,0,6647,2937,0,0,0,0,57300,0,6831,0,1,2,1,1,2,0,1,1,1
"2019-05-09",155149,0,2393,0,18,0,6723,328,0,0,55,0,10984,0,896,0,0,2,0,1,1,0,1,0,1
"2019-05-10",61928,0,993,0,0,0,2232,0,0,0,0,0,4148,0,24,1,0,1,1,0,0,0,1,0,1
"2019-05-11",51638,0,507,0,0,0,793,0,0,0,0,0,3289,0,84,0,0,1,1,0,0,0,0,0,0
"2019-05-12",42509,0,442,0,0,0,452,0,0,0,0,0,2711,0,107,0,0,0,0,0,0,1,1,0,0
"2019-05-13",53148,0,915,0,0,0,2574,0,0,0,0,0,4099,0,80,0,0,1,1,0,0,0,0,0,0
"2019-05-14",50879,0,1230,0,0,0,1618,0,0,0,0,0,33815,0,259,1,0,1,1,1,0,0,1,0,1
"2019-05-15",62696,0,1417,0,62,0,1495,563,0,0,0,0,54172,0,1847,0,0,1,0,0,1,0,1,2,0
"2019-05-16",95677,0,1856,0,160,0,1469,1393,0,0,330,0,53702,0,1638,1,0,0,0,0,1,1,0,1,3
"2019-05-21",24734,0,195,0,0,0,383,0,0,0,0,0,3695,0,3430,0,1,1,0,0,0,0,0,0,1
"2019-05-22",65111,0,1150,0,0,0,1990,0,0,0,0,0,12917,0,9210,0,0,0,0,1,0,1,0,2,1
"2019-05-23",54181,0,504,0,0,0,1642,0,0,0,0,0,6897,0,4743,0,1,0,0,0,0,2,0,0,0
"2019-05-24",56690,0,510,0,0,0,1377,0,0,0,0,0,9250,0,6367,0,0,1,0,0,0,1,1,0,0
"2019-05-25",50570,0,222,0,0,0,441,0,0,0,0,0,10960,0,5827,0,0,0,0,1,0,0,2,0,0
"2019-05-26",46988,0,210,0,0,0,363,0,0,0,0,0,10345,0,8106,1,0,2,0,0,0,0,0,0,0
"2019-05-27",51815,0,499,0,0,0,1810,0,0,0,0,0,7286,0,7351,0,0,0,0,0,0,1,1,1,0
"2019-05-28",72701,0,1340,0,0,0,2649,0,0,0,0,0,8195,0,2750,2,0,0,2,1,0,1,0,0,1
"2019-05-29",47190,0,1044,0,0,0,1729,0,0,0,0,0,6350,0,410,0,0,0,1,0,1,0,0,0,2
"2019-05-30",77794,0,1350,0,79,0,1799,878,0,0,0,0,16369,0,1218,1,0,0,0,1,0,2,1,1,0
"2019-06-04",70284,0,1713,0,0,0,2511,0,0,0,0,0,9219,0,242,0,1,0,0,0,1,0,1,0,1
"2019-06-05",94178,0,2190,0,0,0,2938,0,0,0,0,0,12420,0,684,1,0,0,1,1,3,1,0,1,0
"2019-06-06",143540,0,3058,0,56,0,2603,1157,0,0,93,0,24274,0,7938,1,3,1,2,1,1,0,2,0,1
"2019-06-07",32656,0,520,0,0,0,2521,0,0,0,0,0,68,0,14,0,0,0,0,0,0,0,0,0,1
"2019-06-08",41646,0,468,0,5,0,588,123,0,0,0,0,1001,0,236,1,0,0,0,1,0,0,0,0,0
"2019-06-09",50681,0,923,0,9,0,430,149,0,0,0,0,28127,0,5493,1,0,0,0,0,0,0,1,1,2
"2019-06-10",96812,0,1152,0,0,0,3877,0,0,0,0,0,4967,0,464,1,0,1,0,1,0,1,1,0,0
"2019-06-11",219087,0,4004,0,184,0,4304,1572,0,0,0,0,19684,0,1397,1,0,0,1,2,0,0,1,2,1
"2019-06-12",139124,0,1467,0,0,0,4354,0,0,0,0,0,8841,0,917,0,0,1,1,1,1,0,0,0,0
"2019-06-13",214414,0,2986,0,146,0,4400,1531,0,0,0,0,32838,0,3928,2,1,0,0,1,1,2,0,0,0
"2019-06-14",150474,0,1457,0,0,0,3990,0,0,0,0,0,8147,0,532,0,0,1,1,1,0,0,0,1,0
"2019-06-15",106142,0,690,0,0,0,1108,0,0,0,0,0,5501,0,360,1,1,0,0,0,1,0,0,1,0
"2019-06-16",74233,0,553,0,0,0,516,0,0,0,0,0,6100,0,564,0,1,0,0,0,0,0,1,0,1
"2019-06-17",36895,0,474,0,0,0,1580,0,0,0,0,0,2405,0,230,0,0,0,1,1,0,0,0,1,0
"2019-06-18",87778,0,977,0,0,0,3023,0,0,0,0,0,12946,0,3009,0,0,1,0,1,2,0,2,0,1
"2019-06-19",77869,0,951,0,0,0,2689,0,0,0,0,0,8987,0,610,0,0,1,0,1,0,1,0,1,0
"2019-06-20",119101,0,1382,0,78,0,2773,759,0,0,0,0,9675,0,1530,0,0,1,2,0,0,2,1,1,1
"2019-07-03",158101,0,2065,0,0,0,3692,0,0,0,0,0,2021,0,320,0,1,2,1,0,1,0,0,0,0
"2019-07-04",188897,0,2422,0,20,0,3941,382,0,0,126,0,3026,0,821,0,1,0,1,0,1,2,1,0,0
"2019-07-05",174458,0,2204,0,0,0,3648,0,0,0,0,0,2067,0,273,1,0,0,1,0,0,1,0,1,1
"2019-07-06",149316,0,1272,0,0,0,1181,0,0,0,0,0,1637,0,211,2,1,0,0,0,1,0,0,1,0
"2019-07-07",132970,0,1148,0,0,0,596,0,0,0,0,0,1525,0,296,0,0,1,0,3,1,0,0,0,0
"2019-07-08",160537,0,2225,0,0,0,3480,0,0,0,0,0,2235,0,334,0,0,0,2,2,0,0,1,0,0
"2019-07-09",322894,0,5955,0,0,0,10746,0,0,0,0,0,15093,0,980,1,2,0,1,1,1,1,2,0,4
"2019-07-10",175178,0,3928,0,0,0,7622,0,0,0,0,0,13054,0,528,1,1,1,0,1,0,3,1,1,1
"2019-07-11",161918,0,3621,0,0,0,6779,0,0,0,0,0,9983,0,246,1,0,1,0,0,2,2,1,0,1
"2019-07-12",47758,0,534,0,0,0,1418,0,0,0,0,0,2529,0,291,0,0,0,0,0,1,1,0,0,0
"2019-07-13",55622,0,479,0,0,0,505,0,0,0,0,0,2421,0,296,0,0,1,0,0,0,0,1,0,1
"2019-07-14",64652,0,554,0,0,0,390,0,0,0,0,0,2490,0,425,0,0,0,0,0,1,0,0,0,2
"2019-07-15",68079,0,708,0,0,0,2707,0,0,0,0,0,2906,0,472,0,0,1,0,0,0,2,0,0,0
"2019-07-16",165000,0,2809,0,2,0,4382,71,0,0,0,0,9604,0,1832,1,1,1,1,0,2,2,1,1,1
"2019-07-17",219001,0,3339,0,22,0,6239,235,0,0,0,0,23361,0,6672,1,3,2,1,2,1,4,0,3,3
"2019-07-18",172946,0,2903,0,13,0,4060,238,0,0,0,0,13638,0,3182,2,0,0,1,1,2,0,1,0,2
"2019-08-01",19027,0,411,0,11,0,0,186,0,0,0,0,2234,0,1252,0,0,0,0,0,0,0,0,0,1
"2019-08-05",4134,0,139,0,0,0,95,0,0,0,0,0,130,0,21,0,0,1,0,0,0,0,0,0,0
"2019-08-06",184512,0,3555,0,0,0,5733,0,0,0,0,0,14832,0,3394,1,1,1,0,1,1,4,2,1,0
"2019-08-07",182254,0,3539,0,0,0,5729,0,0,0,0,0,14189,0,1752,1,3,1,2,0,2,2,0,0,0
"2019-08-08",224116,0,4520,0,75,0,5699,626,0,0,0,0,15206,0,2432,3,0,0,0,1,3,2,2,0,1
"2019-08-09",52749,0,1476,0,94,0,1236,600,0,0,0,0,1572,0,239,1,1,0,1,0,0,0,0,0,0
"2019-08-10",29776,0,596,0,0,0,285,0,0,0,0,0,2788,0,265,0,0,0,0,0,1,0,1,0,0
"2019-08-11",27339,0,570,0,0,0,127,0,0,0,0,0,2834,0,352,0,0,0,0,0,1,0,1,0,0
"2019-08-12",65413,0,1191,0,0,0,3557,0,0,0,0,0,6673,0,498,2,0,0,0,0,1,0,1,0,2
"2019-08-13",149765,0,2130,0,0,0,7186,0,0,0,0,0,16660,0,4555,0,1,2,0,1,1,1,1,2,1
"2019-08-14",151332,0,2050,0,0,0,7110,0,0,0,0,0,16055,0,4749,0,1,2,0,1,1,0,3,1,1
"2019-08-15",146527,0,1906,0,0,0,6985,0,0,0,0,0,14925,0,4740,1,1,1,1,1,1,1,1,1,1
"2019-08-16",45918,0,751,0,0,0,3734,0,0,0,0,0,3459,0,219,1,0,0,0,0,1,0,1,0,0
"2019-08-17",34597,0,531,0,0,0,708,0,0,0,0,0,2816,0,180,0,1,0,0,1,1,0,0,0,0
"2019-08-18",30901,0,529,0,0,0,372,0,0,0,0,0,2497,0,225,1,0,0,0,0,0,1,0,0,1
"2019-08-19",49852,0,843,0,0,0,3037,0,0,0,0,0,57904,0,461,1,0,0,0,1,3,0,1,1,0
"2019-08-20",115544,0,2304,0,0,0,6997,0,0,0,0,0,80325,0,697,0,1,0,2,0,1,2,1,0,1
"2019-08-21",147059,0,2497,0,0,0,7563,0,0,0,0,0,86318,0,6805,1,3,1,0,0,1,3,1,1,2
"2019-08-22",124846,0,2021,0,0,0,5678,0,0,0,0,0,88080,0,818,1,0,1,2,1,0,1,1,1,0
"2019-08-23",82543,0,874,0,0,0,2607,0,0,0,0,0,92195,0,610,0,0,0,0,1,2,1,0,0,0
"2019-08-24",91351,0,1156,0,14,0,728,167,0,0,0,0,74621,0,616,0,0,0,1,1,1,2,0,0,0
"2019-08-25",64605,0,642,0,0,0,441,0,0,0,0,0,58394,0,577,1,0,1,0,0,0,0,1,1,0
"2019-08-26",31265,0,437,0,0,0,1411,0,0,0,0,0,15858,0,200,0,0,0,1,1,0,0,0,0,2
"2019-08-27",125811,0,2010,0,0,0,5077,0,0,0,0,0,18065,0,933,0,1,1,0,0,0,2,0,2,2
"2019-08-28",126428,0,2202,0,0,0,4784,0,0,0,0,0,14308,0,482,1,0,0,0,0,2,2,1,2,0
"2019-08-29",131722,0,2260,0,0,0,5171,0,0,0,0,0,18429,0,851,2,1,0,1,2,0,0,0,1,1
"2019-09-03",27360,0,469,0,0,0,343,0,0,0,0,0,12927,0,2076,1,1,1,0,0,0,0,0,0,0
"2019-09-04",53744,0,927,0,0,0,1537,0,0,0,0,0,19582,0,2162,1,0,0,0,0,0,1,0,1,0
"2019-09-05",56150,0,1004,0,0,0,1633,0,0,0,0,0,25442,0,5223,0,1,0,0,0,0,1,1,0,0
"2019-09-06",59703,0,982,0,0,0,1296,0,0,0,0,0,39019,0,3019,1,0,0,1,1,0,0,1,0,0
"2019-09-07",63074,0,991,0,0,0,661,0,0,0,0,0,45847,0,2756,2,0,0,0,0,1,0,0,0,1
"2019-09-08",56534,0,873,0,0,0,354,0,0,0,0,0,43245,0,3124,0,2,0,0,0,0,0,0,1,1
"2019-09-09",107571,0,1987,0,0,0,2361,0,0,0,0,0,43187,0,5308,0,1,4,0,0,0,0,0,1,1
"2019-09-10",207091,0,3869,0,0,0,5672,0,0,0,0,0,30378,0,3084,1,1,2,1,1,1,2,2,0,0
"2019-09-11",179535,0,3245,0,0,0,3912,0,0,0,0,0,9785,0,571,1,0,1,1,0,1,0,2,1,0
"2019-09-12",188389,0,3166,0,0,0,4419,0,0,0,0,0,10337,0,713,1,1,0,0,0,1,0,2,0,2
"2019-09-13",119871,0,2055,0,0,0,2420,0,0,0,0,0,5414,0,216,1,0,1,1,0,0,0,0,0,0
"2019-09-14",96392,0,889,0,0,0,672,0,0,0,0,0,3400,0,166,0,0,0,0,1,0,0,0,2,0
"2019-09-15",83487,0,782,0,0,0,376,0,0,0,0,0,3461,0,237,0,1,0,1,0,0,0,0,0,1
"2019-09-16",60591,0,1383,0,0,0,1865,0,0,0,0,0,3033,0,153,0,0,0,0,2,0,0,0,0,1
"2019-09-17",174169,0,3816,0,0,0,5056,0,0,0,0,0,19994,0,7311,3,1,0,2,1,3,0,1,1,2
"2019-09-18",121272,0,2755,0,0,0,2634,0,0,0,0,0,14211,0,566,1,0,1,1,0,2,0,1,1,1
"2019-09-19",126351,0,2699,0,0,0,2670,0,0,0,0,0,14151,0,523,1,0,2,0,2,1,0,0,1,1
"2019-09-20",791,0,7,0,0,0,12,0,0,0,0,0,14,0,0,0,0,0,0,0,1,0,0,0,0
"2019-09-24",202035,0,3511,0,0,0,6507,0,0,0,0,0,68049,0,3861,0,3,2,1,1,0,2,1,0,0
"2019-09-25",229281,0,4049,0,0,0,6819,0,0,0,0,0,87341,0,3992,0,2,1,4,4,1,0,1,0,1
"2019-09-26",257197,0,4403,0,0,0,7399,0,0,0,0,0,77739,0,3338,3,2,2,2,3,0,1,5,1,0
"2019-10-01",224554,0,5318,0,0,0,8364,0,0,0,0,0,11500,0,526,1,1,1,2,0,1,0,1,2,2
"2019-10-02",236050,0,5431,0,0,0,8557,0,0,0,0,0,14627,0,843,0,2,1,1,3,1,1,1,1,0
"2019-10-03",245057,0,5479,0,0,0,8737,0,0,0,0,0,14062,0,818,1,0,2,2,2,0,1,2,1,0
"2019-10-09",12980,0,64,0,104,0,0,518,0,0,0,0,15448,0,1128,1,1,0,0,1,0,0,0,0,0
"2019-10-10",118090,0,1873,0,0,0,4373,0,0,0,0,0,10971,0,830,0,2,2,0,1,0,1,2,0,0
"2019-10-16",120008,0,2587,0,384,0,1221,2588,0,0,0,0,21919,0,5435,1,1,2,1,1,0,2,2,0,0
"2019-10-17",49738,0,1537,0,0,0,1100,0,0,0,0,0,4706,0,25,0,0,1,0,0,0,0,0,1,0
"2019-10-18",52531,0,1558,0,0,0,1153,0,0,0,0,0,6992,0,103,0,0,1,0,0,0,0,1,0,0
"2019-10-19",46605,0,766,0,0,0,445,0,0,0,0,0,6293,0,177,0,0,0,1,0,0,0,0,1,0
"2019-10-20",40302,0,660,0,0,0,214,0,0,0,0,0,5730,0,148,0,0,0,0,0,1,0,0,0,1
"2019-10-21",47482,0,1401,0,0,0,1142,0,0,0,0,0,7370,0,190,0,0,1,0,1,0,0,0,0,0
"2019-10-22",209129,0,6073,0,0,0,8210,0,0,0,0,0,15733,0,325,3,2,0,0,1,0,2,3,0,0
"2019-10-23",163253,0,4475,0,0,0,6874,0,0,0,0,0,9812,0,198,2,0,0,0,1,3,0,1,1,1
"2019-10-24",168239,0,4432,0,0,0,6882,0,0,0,0,0,9876,0,209,0,0,1,0,1,0,2,1,2,2
"2019-10-29",181516,0,2551,0,262,0,5298,1840,0,0,0,0,27699,0,5096,2,1,3,1,0,0,2,0,2,2
"2019-10-30",121440,0,1673,0,0,0,5220,0,0,0,0,0,12553,0,617,2,1,1,0,0,1,0,0,1,0
"2019-10-31",119172,0,1603,0,0,0,4273,0,0,0,0,0,10167,0,303,0,2,1,0,1,0,1,0,1,0
"2019-11-05",100733,0,1084,0,0,0,7353,0,0,0,0,0,8661,0,256,0,1,0,1,0,0,1,1,1,1
"2019-11-06",102004,0,1172,0,0,0,7313,0,0,0,0,0,10071,0,436,0,0,0,1,1,1,1,0,0,2
"2019-11-07",105758,0,1175,0,0,0,7753,0,0,0,0,0,9026,0,211,2,0,1,0,0,1,1,0,0,1
"2019-11-19",100987,0,1627,0,0,0,2119,0,0,0,0,0,33194,0,132,0,1,0,0,1,0,1,1,2,0
"2019-11-20",194480,0,3332,0,233,0,2075,2359,0,0,0,0,57681,0,625,5,2,1,2,1,2,1,2,3,0
"2019-11-21",109923,0,1585,0,0,0,2364,0,0,0,0,0,39835,0,168,0,1,1,2,0,0,1,1,0,0
"2019-11-26",17013,0,417,0,43,0,235,411,0,0,0,0,12036,0,258,0,1,0,0,0,0,1,1,0,1
"2019-11-28",12742,0,468,0,74,0,0,344,0,0,0,0,4712,0,80,2,0,0,1,0,0,0,0,0,0
"2019-12-11",1588,0,73,0,0,0,0,35,0,0,0,0,588,0,8,0,0,0,0,0,0,0,0,1,0
"2020-01-28",81601,0,1842,0,425,0,0,1759,0,0,0,0,2004,0,75,0,0,0,0,1,0,0,0,2,0
"2020-02-18",10175,0,512,0,5,0,0,163,0,0,0,0,2194,0,7,0,0,2,0,0,0,0,0,0,2
"2020-02-19",21566,0,426,0,20,0,0,367,0,0,0,0,1129,0,19,1,0,0,1,1,0,0,0,0,1
"2020-02-20",21102,0,518,0,190,0,0,590,0,0,0,0,532,0,3,0,1,0,0,0,0,0,1,0,0
"2020-02-26",24689,0,330,0,288,0,0,677,0,0,0,0,1166,0,37,1,0,0,0,1,0,1,0,0,1
"2020-02-27",17695,0,345,0,11,0,0,270,0,0,0,0,1211,0,19,0,0,1,0,1,0,0,0,2,0
"2020-07-25",3332,0,3,0,0,0,0,20,0,0,0,0,0,0,615,1,0,0,0,0,0,0,0,0,0
"2020-08-13",5794,0,193,0,11,0,0,104,0,0,0,0,2914,0,297,0,0,0,0,0,0,0,0,0,1
"2020-09-02",4931,0,113,0,4,0,0,48,0,0,0,0,602,0,63,0,1,0,0,0,0,0,0,0,0
"2020-09-17",0,0,0,0,0,0,0,0,0,0,0,0,7562,54061,6882,1,0,1,0,1,2,0,0,0,0
"2020-09-19",0,0,0,0,0,0,0,0,0,0,0,0,6058,41109,5773,0,1,0,0,0,1,0,1,0,1
"2020-09-23",32939,0,561,0,105,0,0,881,0,0,0,0,14378,0,6137,2,1,0,0,1,0,1,0,2,0
"2020-10-06",31658,0,1059,0,500,0,0,1545,0,0,0,0,7797,0,4118,0,0,0,1,0,2,1,1,1,0
"2020-10-08",4599,0,97,0,1,0,0,38,0,0,0,0,259,0,114,0,0,0,0,0,0,0,1,0,0
"2020-10-20",31499,0,690,0,59,0,0,870,0,0,0,0,7587,0,3634,0,0,1,2,1,1,2,0,0,0
"2020-10-22",9472,0,184,0,9,0,0,184,0,0,0,0,1635,0,143,1,0,0,0,0,0,0,0,2,0
"2020-10-27",24085,0,291,0,67,0,0,590,0,0,0,0,1268,0,282,0,1,0,0,0,0,0,0,1,0
"2020-10-29",41747,0,885,0,560,0,0,1782,0,0,48,0,3338,0,681,2,0,0,0,0,1,0,1,1,0
"2020-11-10",58727,0,699,0,93,0,0,1084,0,0,0,0,7522,0,5513,0,1,2,1,2,0,2,0,1,0
"2020-11-12",64834,0,1215,0,178,0,0,1609,0,0,0,0,13249,0,1456,3,0,1,1,1,1,1,0,0,1
"2020-12-01",58960,0,1802,0,83,0,0,1015,0,0,0,0,5797,0,304,0,0,1,1,0,2,1,0,1,1
"2020-12-03",51389,0,753,0,120,0,0,1035,0,0,0,0,5828,0,431,0,2,0,0,1,0,0,0,0,1
"2020-12-09",153520,0,3453,0,499,0,0,4198,0,0,0,0,0,0,160,1,1,1,0,1,1,0,1,1,0
"2020-12-16",22912,0,686,0,16,0,0,350,0,0,0,0,4250,0,114,1,2,0,0,1,0,0,0,0,0
"2021-02-25",1729,0,0,0,0,0,0,0,0,0,0,0,385,0,7,0,0,0,0,1,0,0,0,0,0
"2021-03-04",0,0,0,0,0,0,0,0,0,0,0,0,550,3285,30,0,0,0,0,0,0,1,0,0,0
"2021-04-08",13549,0,139,0,0,0,383,0,0,0,0,0,655,0,29,0,0,0,0,0,0,1,0,0,0
"2021-04-20",88880,0,1434,0,0,0,2372,0,0,0,0,0,5973,0,304,0,1,0,1,0,0,3,0,1,3
"2021-04-28",32628,0,712,0,0,0,514,0,0,0,0,0,5639,0,693,2,0,0,2,1,0,1,0,1,0
"2021-05-05",4530,0,127,0,0,0,61,0,0,0,0,0,152,0,3,0,1,0,0,0,0,0,0,0,0
"2021-05-18",235432,0,4652,0,577,0,0,7415,0,0,0,0,139757,0,20911,0,0,1,2,2,1,3,1,1,2
"2021-05-19",242752,0,5176,0,694,0,0,8020,0,0,0,0,143233,0,20798,2,0,1,0,0,1,2,3,1,3
"2021-05-20",251291,0,5278,0,666,0,425,7778,0,0,0,0,130833,0,19054,3,1,0,2,2,2,1,2,2,2
"2021-05-26",44786,0,1713,0,389,0,0,1177,0,0,0,0,2248,0,287,0,1,0,0,0,0,0,0,2,0
"2021-05-27",14336,0,244,0,0,0,553,0,0,0,0,0,4260,0,3721,1,0,0,1,0,0,0,0,0,0
"2021-06-01",13821,0,247,0,0,0,236,0,0,0,0,0,712,0,816,0,0,0,0,0,0,0,1,1,0
"2021-06-02",31218,0,655,0,66,0,0,873,0,0,0,0,4674,0,14399,0,1,0,1,0,0,0,2,0,0
"2021-06-03",232687,0,3643,0,0,0,8826,0,0,0,0,0,31689,0,1149,2,3,3,3,2,2,0,2,2,4
"2021-06-10",5786,0,97,0,0,0,97,0,0,0,0,0,2347,0,312,0,0,0,0,0,0,0,1,0,0
"2021-06-16",9635,0,245,0,0,0,196,0,0,0,0,0,5331,0,855,0,0,0,1,0,1,0,0,0,0
"2021-06-17",2643,0,28,0,0,0,56,0,0,0,0,0,1133,0,248,0,0,0,0,0,0,0,0,0,1
"2021-07-07",29779,0,275,0,0,0,1146,0,0,0,0,0,4534,0,1830,0,1,0,0,1,0,0,1,0,1
"2021-08-12",19126,0,98,0,0,0,403,0,0,0,0,0,2928,0,5084,0,0,0,2,0,0,0,1,1,1
"2021-08-24",17987,0,400,0,0,0,263,0,0,0,0,0,1536,0,993,2,0,0,1,0,0,0,0,0,1
"2021-08-31",227613,0,4982,0,0,0,6657,0,0,0,0,0,17212,0,1583,2,1,0,0,0,1,2,2,1,1
"2021-09-01",232906,0,5113,0,0,0,6652,0,0,0,0,0,17260,0,1641,1,1,2,1,0,0,2,1,2,0
"2021-09-02",235972,0,5229,0,0,0,6337,0,0,0,0,0,16410,0,1598,1,0,0,1,2,1,1,1,2,1
"2021-09-14",56669,0,1983,0,0,0,2060,0,0,0,0,0,10438,0,9053,2,0,0,1,3,1,0,0,1,0
"2021-09-15",12023,0,368,0,0,0,216,0,0,0,0,0,738,0,80,0,0,0,0,1,0,0,0,0,0
"2021-09-16",84735,0,1717,0,0,0,2092,0,0,0,0,0,31627,0,24344,0,3,2,1,1,0,1,2,3,1
"2021-09-23",102077,0,1967,0,0,0,1849,41,0,0,0,0,10810,0,3916,0,1,1,1,1,1,0,1,1,3
"2021-09-25",803,0,5,0,0,0,0,15,0,0,0,0,702,0,1369,0,0,0,0,0,0,0,0,1,0
"2021-09-28",24539,0,717,0,44,0,0,501,0,0,0,0,2758,0,1377,1,0,0,0,0,0,0,0,0,2
"2021-09-29",79382,0,1206,0,447,0,1222,1496,0,0,0,0,13358,0,7168,1,2,3,0,0,1,0,1,0,0
"2021-09-30",10984,0,135,0,10,0,0,358,0,0,0,0,3920,0,1943,0,0,0,0,0,1,0,0,0,0
"2021-10-05",77600,0,2145,0,356,0,229,1745,0,0,0,0,4904,0,2613,1,1,0,0,3,2,1,3,0,0
"2021-10-06",40720,0,1230,0,0,0,1068,0,0,0,0,0,7966,0,2592,0,0,3,0,1,0,0,0,0,0
"2021-10-12",7507,0,64,0,4,0,0,92,0,0,0,0,320,0,111,0,0,1,0,0,0,0,0,0,0
"2021-10-13",60111,0,1814,0,101,0,0,1427,0,0,0,0,33761,0,1750,0,3,1,1,0,0,0,2,1,0
"2021-10-14",1210,0,74,0,0,0,0,26,0,0,0,0,55,0,122,0,0,0,0,1,0,0,0,0,0
"2021-10-19",9701,0,274,0,6,0,0,169,0,0,0,0,4482,0,468,0,0,0,0,0,1,0,0,0,1
"2021-10-23",24978,0,352,0,19,0,0,264,0,0,0,0,28262,0,900,0,0,1,0,1,0,0,0,0,0
"2021-10-27",185381,0,4067,0,941,0,0,5188,0,0,0,0,40735,0,1151,2,1,0,3,2,1,1,3,1,2
"2021-10-28",2924,0,131,0,0,0,126,0,0,0,0,0,67,0,20,0,0,0,0,0,0,0,0,1,0
"2021-11-02",40128,0,690,0,147,0,284,1126,0,0,0,0,569,0,231,1,0,0,0,1,0,1,0,1,1
"2021-11-03",17576,0,282,0,69,0,261,280,0,0,0,0,2226,0,1223,0,1,1,0,0,0,0,0,0,0
"2021-11-09",219156,0,5832,0,974,0,582,5794,0,0,0,0,23832,0,7538,2,4,2,0,3,0,1,2,1,3
"2021-11-10",154303,0,3671,0,2413,0,0,6522,0,0,0,0,11732,0,2086,0,0,2,2,2,0,2,1,0,1
"2021-11-11",4994,0,242,0,20,0,0,106,0,0,0,0,658,0,48,0,0,0,0,0,0,0,0,0,1
"2021-11-17",228361,0,4936,0,1479,0,0,7421,0,0,0,0,17065,0,1242,2,2,1,1,1,2,2,0,2,2
"2021-11-23",18816,0,413,0,71,0,0,500,0,0,0,0,1004,0,75,0,0,0,1,0,0,1,0,0,0
"2021-11-24",102356,0,2046,0,1093,0,0,3573,0,0,0,0,5922,0,323,2,0,0,1,2,1,1,1,1,0
"2021-12-01",33448,0,428,0,0,0,726,0,0,0,0,0,2017,0,153,1,1,0,0,1,0,0,0,0,0
"2021-12-08",34734,0,388,0,0,0,1024,0,0,0,0,0,3781,0,186,0,1,1,0,0,0,0,1,0,0
